let vb-MYQRlQTjG =43087823.844	pos
set DTAIYgWyiBmr = {value	pos
let yZbFGf= 64892243.163	pos
let NOnKJ_bae equal 71684556	pos
let c-MtjJhwEz =4993241	pos
set cbed-IJlEcygWB equal to 9232568	pos
ownyrzubnmsi= 'vx'	pos
set AEAPYMG = to "mrag"	pos
let exyl equal 'SXNRLRP'	pos
let SLUKUNIBALEJUO represent 84291427	pos
set beffepucqlnc= 26988561	pos
rycXOVhP= "OzENgHckNnym"	pos
let IQHDTQZVSHJHHGL= 49470174.0048105	pos
let QLISXHFWGUI ='rCRulXGA'	pos
let zaoata equal 'HzNWBYZLqsAcoA'	pos
set Lmki = to 'NMisgBcXb'	pos
c-PLRj equals false	pos
set FGJZKFJYIF equal to 14955732.1883	pos
nnconknb equals "TST"	pos
let wj ='RRNMVNBFVB'	pos
set BUUpqFHeG-OHk to 75082862.3038	pos
set QNRmaXSPVju = {value	pos
set xCoU-okmYRp=True	pos
EIDKKWJHUMVQ equals 40004760	pos
let QNRmaXSPVju represent "CKDERLUYQPXNXF"	pos
let lGJwCUl represent true	pos
set SfKIHFpWP=true	pos
let iabEPmISq-l = "KPtOUHFfl"	pos
set mPIKq-rsl =value	pos
set c_x = "WNBDEBBMWYYNMXS"	pos
let KQtgvIcdJIdIGk ='xyeytzwkawlvuks'	pos
CA = 'DFCxbPmt'	pos
set VjHrARTBSpuU = "Lxit"	pos
let dvftpyevwanjsuo= "LVMFGDLBHVUEH"	pos
set eKbOJJrRE = 21956130.510	pos
imycgowm equals 'EWI'	pos
bbGkEa-qGMmkOmg equals 'TGANVVPJ'	pos
let hkjeilqkc ='PPfYm'	pos
let Gq_gmvSlg ='XSZOIGOQ'	pos
pw equals 91039610	pos
set -sZoWKHTgnHe =value	pos
set UEPSGTQRC equal to true	pos
let _rnX=10560783.8	pos
set fHU equal to 96788242	pos
let oljnxuqtpzwej equal 44225084	pos
let sirtrlfrka = True	pos
set eGAfSHAHYmtC equal to 'HV'	pos
IXKCYYOSAMFVFFS=78578586.62	pos
set aJvh_ =value	pos
let bfk = 52700153.0577	pos
let kxuwddut =99287479	pos
let stpxbhatkyxe= 78824417.24776	pos
set PyAUYB equal to 'MQBZPICBNJOQI'	pos
ALTCV should equal true	pos
izjys= true	pos
let xbG =true	pos
let BVUITPRIDMA equal 'MUBXW'	pos
let IyFYnvwDWnpWZA='ksvr'	pos
set tn = to 'CYOQFCISBISSP'	pos
set WCWAOBBDSJNYQO= False	pos
let fnaoqckqximzj=false	pos
let DDMFLJETKAG= "eqrrs"	pos
let rzkltmoiknav=true	pos
let Rd-XGtCK= "qtcczrvtjssj"	pos
set tsezobvhvmxrj = to False	pos
tUzJNYETpJLhOB-f= True	pos
let hu =True	pos
let topOjkVhZfESRR=51721926.9455196	pos
KflxHECng_ equals 28382960	pos
set qyUko-YVQqDP = 'Yr'	pos
set sfYy-QgoBiwnV = 'rlNzjB'	pos
set qvfrazbwvsuwsax =value	pos
jLeWBurTrGT= 73836837	pos
let xdtkdh ='PPfYm'	pos
let BxcoNtOnKhcdv= False	pos
set FAfeRcRC = False	pos
nfiolxpmty should equal 'rpaep'	pos
set xJpGyozzCJcqxH-= false	pos
let YRKAFBBBN=37912509	pos
let qa equal "hevtlkewdud"	pos
GU= false	pos
ieSZRehCUP= false	pos
set -XAN =value	pos
let YCCZMHK=False	pos
MX=8451486	pos
kbnztlc= 63943253.067525	pos
set qAm= 'QQKE'	pos
set c-MtjJhwEz to False	pos
set mx = False	pos
set xezy = to 'EI'	pos
let QPaahdFcFrPZuM ="jag"	pos
nbfmgvpndfqvx should equal True	pos
plulxw equals 'teBwaYNsJdrG'	pos
set BDrVb to true	pos
spsa should equal 47829147	pos
set JBJPBUPQ=92983660	pos
let OALHHvZaw=False	pos
set O_Wb=3670844.3343909	pos
let TIOXFQSVAIP='oAbcLKRePBFZZDV'	pos
set s_SqVuoKH= 70598029	pos
YQT = 'ESWKVMG'	pos
MQA= 97327383	pos
let GFEME equal 29250235.9	pos
lGJwCUl = false	pos
set LAZV =value	pos
set LCQXG = to 'ECM'	pos
set wua =value	pos
let dK equal "PPOSU"	pos
qhwaMxDMPYh should equal 94231069	pos
set dblkriphka = to False	pos
set DJtzc = to 'Xz'	pos
set UhqWienlZylf="Pv"	pos
set -cg to 2485882.960846	pos
set jzamixywoza to "kVH"	pos
let rvbsrpnlngxb =31312543	pos
let JHBQRIWNSC = "znpsiuyodrhjgrw"	pos
VFNqs_mB=85503051.030	pos
set LMC="UBMENSFFWHDHG"	pos
let ERrzikFJNhxPUWx represent true	pos
set XWDAR="mri"	pos
sIltxH_SlWSez = "jnlzixtuay"	pos
HXGVBYVJVHW = 85075694	pos
let OcAxIgiGAl_fE= 'awteuhh'	pos
set QVg = 17275588.3	pos
let Bn-vmXlDtGsbd = 'OJWHUDTL'	pos
let j-HxMxUqiDoWQMwr = 'LIJNSGLBK'	pos
set CPKWuz equal to True	pos
set bfxLXGPEdJmKO = to "XPTDJLKCOQWUIIK"	pos
set UTPZA = 51409743	pos
IWWOGSNWZVZKCY equals 6698630	pos
set nrxqybqwncgio equal to false	pos
set rOjBcCJjS-Sli =value	pos
KF-wDdFdWt=70555549	pos
ZOFQQCW= 'yxascfaw'	pos
let nNpByCwGjl =True	pos
set DES = {value	pos
let bJBuVWCFZcOt represent "GAFGQRHFLNCLMZA"	pos
let Xx=false	pos
XTWY should equal "bTwHtxTrIXctBD"	pos
U_XlrejKI = "ZtlSgXHhJwGUEjW"	pos
set zslsqf = 'gWlIcYrHtKFsiW'	pos
YdP_Vt should equal "tdv"	pos
ybEBGTvu= True	pos
set KfTrJK_R= 72108488	pos
let CKCOMEDVUGN = 62704689.200	pos
set HULMVS=16067206.2	pos
let aBDSGt= 84778047.660386	pos
let uF-S ='WftWxyIe'	pos
set FEgTMAM =value	pos
cELFkBMRe-='fmgqyglne'	pos
let ZRURDDNF equal true	pos
let QAVXVDXBVMTAI = 22130293	pos
set TODIDNAZZLJDYDU= 84312554.4591	pos
let BSANKRFVP equal "zvvwfxu"	pos
set QJemj_ to true	pos
set PtokLY = to 48029856	pos
let qvfrazbwvsuwsax represent False	pos
set glgxsqvuafzhcqo = "zs"	pos
ozPSr_pCfVIMYYeM should equal 70256738.22	pos
let _jjLTpeGirENk equal 57749816.50	pos
zflncmosyjlo should equal false	pos
abwiitsz= 29471604.9510	pos
DGkIS_CV should equal false	pos
let oPzIhgVNMCR_OCr= "KGSVBULKVHUBW"	pos
set LqAnvPAh =value	pos
let EJKWWUWTNBQ ='RXEOOTKYTXWNEWO'	pos
set Ybgb_r = to true	pos
set qjrpfccc=True	pos
rBLW should equal 7651396	pos
set nfiolxpmty=38432099.4944068	pos
set BAsnvNMxeEU = 'SPDOXBQEC'	pos
HbKLzoeeOKbReC should equal True	pos
lnlebo equals 'lwdfqgywvssqbsi'	pos
let zGdVrq='unUtecWYz'	pos
set rXu_LUJ = false	pos
set JTGBXm_qjVay=58940677	pos
phfox should equal 21250312	pos
let BYWZVF = False	pos
set -vqRKuNf= "NZPBJUG"	pos
set CIIAC = {value	pos
BNzRkdsTdt = 49414670	pos
set qjrpfccc = {value	pos
wodSPNYPveU should equal "WMLJHXTIOSJBV"	pos
set bmjrkohru=82083731	pos
set SBzFLwNsDlPIg to 82825907	pos
fuoukdnxmuxwka equals 'QISUCHFGM'	pos
set SXUTJUL= "BRLBI"	pos
let jHUKX-tL represent 33582179.253298	pos
set gamuurkpgc = to 'YjBZPyxarXNTknZ'	pos
zbjd= 'BAFUZQVQELSG'	pos
set PGgCTwelyWaj =value	pos
rfuuaro should equal 28449245.834067	pos
set gcUsDD-='ddcwhogv'	pos
set OJI equal to 'CJ'	pos
set cD-JcNe =value	pos
CXKQQYDO= 70781858.4	pos
set dmcibmk = 22339167	pos
set olIvaurRCs = {value	pos
let EWUZR= 6804246	pos
let HMSDWPNCMKKOAZB =83263643.2089130	pos
_xIGN= 59411121.931799	pos
let DCpn equal "PsLxhVEOaOqsYM"	pos
let tJVdTIPLav=18123615.0363142	pos
MITLJHH should equal true	pos
let Y-BQzFTBQr= 7629540	pos
miq should equal 32802325	pos
SJPaZtTrx_ruEqu should equal "QKwMZIS"	pos
set jz= 'BPLGMDPP'	pos
let AqZJptrGE=false	pos
let nC-USsJFTi represent true	pos
set BRFDYSQGOBKO="avbduripjwhrbe"	pos
let zbsl= "RCOMHV"	pos
set qLuQQTr-OChyPn = "rbla"	pos
SUTGPWKADE should equal 25346904.9	pos
set ryqzc_PoWXZEa = to "zolgmstnwr"	pos
LVBDNPB= 80742239	pos
let ENCOTAPKKBMBJE= 'QISUCHFGM'	pos
set oxndngdv = {value	pos
FIUOY="OTvsa"	pos
set edppczxvey= true	pos
GVVVCRBKMKXSVJG equals "ZHNTWGDGSMIL"	pos
set HYL = {value	pos
set sHFiUIS_cqJ= "RNYEHRN"	pos
set SDQZrlqrPkmCAmT = False	pos
iabEPmISq-l=77186410	pos
TMVOVKDMM equals 'evWZRzfUqhYPM'	pos
HCFBHESXGEEJ equals 'iyKonxr'	pos
let pko=false	pos
let VZrnNMXNeLvJVRJ equal 'KHWWKLPQFKY'	pos
set rXu_LUJ to 2407633	pos
let GWBWL= "IXQTWRVDLCGYEDK"	pos
npwj-VEIhg= True	pos
set tlfegvsertqecho = "ejnjqgDB"	pos
set hssmwtlzwukijmz=12943524	pos
kcWlSfqhoV = false	pos
ntzeioaan=92442653	pos
let CX represent 'CLZYCZFYWRCU'	pos
set fSzuwfw=26043476.8830082	pos
i-SGDN should equal 'frN'	pos
let FVlUsEIKm='Lfudjykn'	pos
AH= "VCXOTBHJBVA"	pos
set bTPfu_Kn =value	pos
let VOEZ='ODGDVAANKMDKT'	pos
let pJfOB_F = "JGSFZWZQGSSIYO"	pos
let guPIJdZXE= 22339167	pos
let KKQ equal 56459194	pos
set bjmzbgnwrtbgyww="LOSNNOZ"	pos
let lkievldbnbdm= False	pos
let tJVdTIPLav=62573754.61526	pos
set nnr_ = {value	pos
FOPJIqOzy-ml = 'wRKIdtZ'	pos
set NDLEOiIQcUAmG to 'RFXB'	pos
set CLRAKQTZHOB = to 'mnx'	pos
set YJGFZUJL = to 'UIiMG'	pos
set Crd_WELiEMmj=66578903	pos
let jsyongkfa represent False	pos
let xmfhugrd =33816226	pos
let ttHeVsKuWHRYBMq='XCHLBWBUR'	pos
set oaimje = to "GDdQK"	pos
let hnJGFIM-BY =73605974	pos
uxDZAidbIKmUQD should equal 74690557	pos
set IAXX= 77310566.38207	pos
set LSINRHQNB equal to 6238455	pos
let GsHnfUpfRRW = 26988561	pos
qLuQQTr-OChyPn=22817360	pos
baLEtx = 90386165.2	pos
set pux to 95778871.25087	pos
pffLMRBzH should equal "IUOZQMEGMRCQKI"	pos
set bmdmgwjr = "pmeoyadbqtjmgu"	pos
set erugrgqphw=True	pos
let qRM_PIHvMvRuPd= 'WBEXXGQFUZDC'	pos
ucDP equals 70330931.7	pos
set VOKOZXZVYGKPG equal to true	pos
let HfnDobF equal 'PONRAYMSBIHVX'	pos
let xmlh=false	pos
set KAYXOF equal to False	pos
set KWM equal to false	pos
set dgJmhpuZZVxFL = {value	pos
set OiiVjDF-vwMZB = 43076122	pos
set MRRGXV = 'kcDmvcGOXVH'	pos
ZUMnopjOo_Mga= "jezoy"	pos
let k_GL = 61860839	pos
set xdilxzvzfj = to "AOONOUAKJLRNB"	pos
aVXSBAlvsny equals True	pos
tgkkseqrkmqtbfi=False	pos
set pnh =value	pos
set yerhzbv =value	pos
set ivj = to "OQjaskjwN"	pos
set WuzzF to "HwrE"	pos
-jO equals 'EWZAWXWIVLO'	pos
eyyjhwkxai equals 91857696	pos
set agt = to false	pos
set oqzVK- to 21116671.2268476	pos
ylni= true	pos
set hirf = to 'ismfdcwxnaj'	pos
set mts = {value	pos
set ZYTTHMKTGYQUNB to 'mwn'	pos
let PNEQPFBVS represent 13896263.6	pos
set xpienivoay = {value	pos
let sCjQmDVfSZ = 53134110	pos
C_zawqK=69361181.569	pos
set wf-= 'wta'	pos
xpbIYf should equal 79901420.6868303	pos
WphTTMgq = 83794267	pos
set WL = 3544052.27	pos
let QKPRWVV= True	pos
set krkoulhobtd= False	pos
set TPVz_Fg = to 56185074	pos
let DTDR equal 28420469	pos
set XKZZTWWWYXWTHT equal to False	pos
tvQEtuNHDS equals True	pos
qcugai equals 6772016.5636522	pos
let VjHrARTBSpuU represent 97069293.3288	pos
set ARWLJZCCUPYCMOX = to 50211503	pos
zobqckbwjniqtuh should equal 43933934	pos
let Cv_gXfP = true	pos
set HCFBHESXGEEJ to False	pos
JSnhMgFUYEAAyqQ = 'ASXTYVLGCXQLX'	pos
set pVf-ZO=77186410	pos
ZETWFL = "TVUWTRBEYQF"	pos
let ydGLsfF= 'KDZPUCNTI'	pos
let zml equal "NWHQBBC"	pos
set ekcywn = {value	pos
JQCEAGWm=4566272.0	pos
set NLCWSL=true	pos
set SIMBDQBESBZM= false	pos
set IXKCYYOSAMFVFFS = to False	pos
let ZUF_H= 'jmnllqmmyolvu'	pos
set HVLDINRUMKXNKR= 70293685	pos
let OYGiXvTSwR-gOr equal "CXEFQ"	pos
set WONTVAIADPQ to "TT"	pos
set PSudNMQagBUte = {value	pos
set lxf-iwiyDXivEH = to 13896263.6	pos
set GCS = {value	pos
let eO_= 12825542	pos
set BQOT = 'VDDDNKHRCWXWASF'	pos
let jfijbiuw represent 'kPsSgpyd'	pos
erugrgqphw equals 74727059	pos
BxcoNtOnKhcdv should equal false	pos
set dzYgtJSFuxWptti = 83263643.2089130	pos
let zDI-OovMafo equal 77574727	pos
let NDRYQLVIMWFSWDY equal 91857696	pos
let Pe-U represent "qtXEPK"	pos
let cvfslmghykgv=43076122	pos
NkZu='ZLFMTHKURPNED'	pos
vNrnuMDAPCW= "ItZYXd"	pos
IYPO='RSLWRM'	pos
SRUETFTW= 37748386	pos
set uVHkCAOf_MqUroFv =value	pos
kLpS-z = 51748265	pos
let RkVZQK=True	pos
set IZODCGMOJEMRPF = False	pos
let _PiDnvieVGaFX ="PnDRQdmIBIJ"	pos
set -tYB equal to 76113399.2	pos
set ymyduraxivq to "ayx"	pos
set HMQ = {value	pos
set rsAcNtxYqZdCBaW=false	pos
HHPPLZHH='oAbcLKRePBFZZDV'	pos
set _njQ= 89557155.042	pos
boq="SZM"	pos
let ptmZjxdLSL represent 52156501	pos
JNYwXAXtvsByv="Ij"	pos
set rplusbuuvtpkv='phubkcgsgt'	pos
PEO should equal 9922762.821877	pos
upeugmrdoo=8933675.36567	pos
Xvb="KHYffcyvvvlR"	pos
set ezpomapmjw=32959446	pos
let AC = true	pos
qjpfqkgddpoz equals 91888035.519001	pos
let MNV equal true	pos
set JDCUKXTFPADH equal to "DqnWu"	pos
let claqmudmgiqu equal True	pos
SIYEYMZHLXIZFJU='psjxck'	pos
let kpmq=12950127.040	pos
set VCDA=False	pos
OY_aV = 'CZFPUJLLCPQ'	pos
HZPIDGSFPKTKY = True	pos
RBLSJWQN= 'zOUtrYxwEFatmMB'	pos
KzXrJxgHqm equals 'SFYSVQMPXL'	pos
set fxwAwoog = "RW"	pos
set ndpIKu=true	pos
ugh-pPqMqNcZoS= "GvcPdT"	pos
_swpzCwT = 18345637.069031	pos
BYWYBSDQZAWO = 'tAphatgG'	pos
set HSIMCDZ = to 'WFUNDJAKA'	pos
psffsxtikgh equals 'ngeZHJbVhLPKejL'	pos
uCCmZHTxiKBX should equal 47802196	pos
let NDTZS=False	pos
set xp_BwrBLVHmM to "YDb"	pos
TODIDNAZZLJDYDU= false	pos
set ajibdbjvl = 81623911	pos
set SQTFJZK = 'QHD'	pos
set GYJHOHHTLUFUIZH equal to false	pos
let VyiUHDupiV= 80920949.47029	pos
set _VJWiVZ to 26541819	pos
let btQYTFU equal 95847954	pos
vz=69514399.5983906	pos
let tELXvbj- = True	pos
ut= 92846235.6758119	pos
let vpYqQWTtfpxXo_no represent 'iaheuk'	pos
set ltwfryp to 'CpWAedCDWTLteA'	pos
kxwwpkwkh='YWJDQK'	pos
hWpiiWiUFy = false	pos
set GWCJNYYXDX = to 10560783.8	pos
set whWOtTTNJkEfB='QTUGG'	pos
set ko = to 74678710.8024	pos
frs should equal True	pos
let tw equal true	pos
let TBZQFVGUOQKK = "enCXCwPVnVR"	pos
set bvH_MwVoPewEMyCy = to 3270301.9	pos
set ANcmUjd = to True	pos
JuPoXpuooBki = "rkupg"	pos
let JAVIQHQFZFKCQ =79304021	pos
set HvZHv-oSNhNvsQJ = to 'PVYKJSdYtcBF'	pos
KEQH='uzqzthhaoaiacp'	pos
BPYQPZHE equals 'EFMQVHBMCJ'	pos
set ZXSYPKDH to 'AQIODLMSMK'	pos
set PNhFOaInAAJ to 'vjzcncekpkyd'	pos
set LLUG to False	pos
let lnQ ='jlqwhbzqnnfyf'	pos
let AARWJWXO=86725840.17	pos
OYGiXvTSwR-gOr equals 78374503.353	pos
set j_UbrRbvXTiff = to 47113157.7689	pos
set nmqmcums="PNSFWXT"	pos
set zebv = {value	pos
let acqsrxlcp='lFFCMIeESzhfUP'	pos
set JZXEYYO to 34415056.847791	pos
let lnlebo= 'oi'	pos
FMXGPXSTRKBJ = 33757712.2	pos
s_hZ equals 'uvq'	pos
set Via-EKjrMUWTo= true	pos
set XcTlwTIlaj_gcT to 'nf'	pos
let -sVrRHpGV equal "WHBZSIWGKDJE"	pos
set JX to 'zOUtrYxwEFatmMB'	pos
set TWSSRBNNY = to "yxthtdnfthjrlq"	pos
set wH = {value	pos
let btQYTFU =false	pos
set kmyNn = {value	pos
set loshlgpljv= 'ZJEVTYFJUG'	pos
set VLA to 'gWlIcYrHtKFsiW'	pos
jpnwfjep=true	pos
set xoiaczjtfrfq = to False	pos
let hon represent true	pos
let GsvgaAnp-=false	pos
tuzjii equals 59532609.10304	pos
set GFEME="zurlHYECw"	pos
set fjaaxwtenepupjq= "Pv"	pos
CXLUDFLN = "LZPNDUKUBNCKHAA"	pos
RTtOVGJfanzHy = 52699704.2939731	pos
set QPaahdFcFrPZuM to "jJDlPolJrYC"	pos
let qkqVe equal 37748386	pos
let VMNVHL="SMntKJo"	pos
set KVFYPBOHMJ = {value	pos
let PAKZVYJYMZBWC ='mqtayig'	pos
set rPHePG= "lkezv"	pos
set xlaz = to 4324980.2680750	pos
miihybzwwgkj= 95993394.0358	pos
set YZUO = {value	pos
gMMUytux-IB= 78234867.7748	pos
let TQvHJgDpEzka = 64028521	pos
let jlSFSeOij-CtSMv= "ofzL"	pos
set FNFNUUVNTIKOV = 'xmcwzomgtb'	pos
let tpwojcbcfofsvtf="alvjhjnhcnf"	pos
let QR-FRVwlAftSm= "XREAEJ"	pos
set MAUHERXCTVVD = to 'yqoa'	pos
set jwodrqeendzr= "vb"	pos
set z-kntFkKLc="wilzyytipe"	pos
UYFASAKAANW = 'PGDIZDTDCYU'	pos
let stzdpHsMHYn = True	pos
let KsFKRWp= false	pos
esIHkvT="VCXOTBHJBVA"	pos
set q-MnkeSk = {value	pos
let tlexh= 93927856	pos
let aqKQEAxjlHjXYn represent 'YAFYSpMgFD'	pos
let otwpkttmigckgm=91448934	pos
BQOT equals 'sdtalvywojimz'	pos
dsm should equal "HQOooDK"	pos
nqF = "PCV"	pos
UvNVCHbsx='cmklsliyxmgsqw'	pos
set GzDQ to 9461037.9	pos
cWo=True	pos
OP='rolzpofdase'	pos
set flpdbu= "jozzdoahvx"	pos
set rjlcxb = to 97624251.1456	pos
set vbkxolq =value	pos
set toSnF to 48673763.762	pos
set QxKTw = to 52996476.7	pos
RmW_JaUzl should equal 83598721.828247	pos
set LQXITUAWH = 51615029	pos
let RmW_JaUzl equal "nx"	pos
CCTFJqvVjjtAq equals "HSCWTKYHHIG"	pos
let yrgJ= False	pos
let kZpJRhz = 25533054	pos
set txzizrkwbmaa equal to False	pos
set Bgs =value	pos
mv equals 73066849.202135	pos
let fPvP represent 68470215	pos
ndufiyypjigsi = 41311996	pos
set RDlEc_yHM = 58384841.01	pos
let QJ = 64762169	pos
let eNz_fPWaT equal "abdhaVAwMBEL"	pos
let coKnulkv_NC = "MIOPYEVUANC"	pos
set QWJ = {value	pos
set LVvS_EaQiUGdt= false	pos
set z-uHQXqW= 'OWISLKPB'	pos
let IZODCGMOJEMRPF =24004802	pos
let KNvpemhr-Uk =False	pos
jrgknxws= 63943253.067525	pos
n-qYvyyXL='EEABOWTZJCRSES'	pos
set _cwl =value	pos
set ZCTZ = to 'xvevqwcvlmkjo'	pos
set yaowyy = true	pos
P_uQo should equal "rfEsPzSdeYAHcw"	pos
QBXICCVMRBCC= 'fYfkj'	pos
set ZRJACR_Gmjb to 67071996	pos
set eqjv= True	pos
let qRM_PIHvMvRuPd = 'tadwouretfr'	pos
ushvve="pjmkd"	pos
set smcaemheqrzori to 21589613.822	pos
set NMLRZUC to 13276484	pos
set BuiuoY-srgKN = to 'QNDPISTUEJWZFN'	pos
let FHCRTPPL equal 46633395.9186608	pos
set qlfuN = {value	pos
wJj-kt equals false	pos
jqcymphvqulqe = "lzlulbtja"	pos
let ixnjxfrbglrfnuw equal "bRCmhITPrJk"	pos
set mfphpzxavxjtf to 46123904	pos
set lYrHl_ =value	pos
set HNZB = to 4092096	pos
set rozplenzliwhg =value	pos
let hyzqgv= 69749220	pos
set hsayaqncnojxB = {value	pos
let WSKXRRTFZFR ="nWqa"	pos
set qf to 97803033	pos
set zbfvkin equal to 8539770	pos
let GFEME =true	pos
set puVtavjBiX=true	pos
let MefdDIPLTyZVGw ='NRZXDLRQAMD'	pos
set paMkMCgGL = {value	pos
uliPETSFuiTWHn_S equals "JOFIUEL"	pos
set TMVOVKDMM = to 12179767	pos
set xbG = False	pos
FGQ equals False	pos
let BZZS= 'lvdkshpxdsukup'	pos
IwArjqRQ='lrojdnctj'	pos
set wo = false	pos
set JYvrdc-ZzD = {value	pos
set bnlt = {value	pos
let JFa-vXvNBHyFxxMv= "SDJVDAZELWIN"	pos
set VWDWZENIVHTXRDG = to 73604041.5	pos
let ZZCM = 'ZWBLWQVLMUECQ'	pos
let SIYEYMZHLXIZFJU= "BahDE"	pos
let HCUGSYgIXM_q = 31372391.24	pos
davbvhzpclug=91675671	pos
ARutEwAL = 'UT'	pos
let rK-bpPUX ="fzyznupw"	pos
let gdRAZDTeBgwXsn=14889766	pos
set rsskybbcvmfdn= "rrjcd"	pos
set zasqwd equal to 'muh'	pos
set -DYyiQM = {value	pos
fnmffgwkj=false	pos
let UMEEFPZLYE=83960034	pos
SCEOyERUw=true	pos
set KDjH-YM = {value	pos
set LFzNe_iLcBy = 18086111.56294	pos
j-NhKX should equal 55232464.72445	pos
let ADdZH_DGMz represent 41675416	pos
set JBPRNPOMMELRIHF = to 17275588.3	pos
zaSgWsHdMDEn='ngji'	pos
let SOFCKFMAQLUNN equal 'syeyeghqy'	pos
mxxrlosduanxmn should equal false	pos
set lwjf_HvsV to 34968025.6	pos
GoKft = "csqYdB"	pos
fC_bHt should equal 'ea'	pos
let -Um equal True	pos
let OGYJXCRSQW= 'RsIhQoB'	pos
set hlmpileziadstpb to 90631060.14	pos
let uvkgdivskd ='mwn'	pos
mbqs equals 'sqdn'	pos
WkTts= 'WNOIMYWP'	pos
QBJHQZWFR = 15175223	pos
set Ym-vBYQPluNZGR = {value	pos
set QNUN = to 'wvxjtxwxbvqhlel'	pos
set ROGBFb to "jeURhmU"	pos
set RwkQd =value	pos
let MBOXYRXJF_ =true	pos
let OQHQP equal 'ZAWtODyWryxNe'	pos
set fjTWxY_ZWdnqL= True	pos
let pmbszjhj =25579284	pos
let gwcmKVu ="qWindmhTgjyz"	pos
set qQphrVRL_h = {value	pos
let TnZclKklDwn =43076122	pos
eryftg should equal 'qizVbaAZDNRrfG'	pos
set nlegXoMGRqouwdZ to true	pos
let usqxOzBurhGB_ equal 80412565	pos
set LEKEKXZPPJLKTYY = {value	pos
set LyReU=False	pos
HNHHGASRLHFE= False	pos
set yobfdsrybnirm to 26676997.0	pos
OPzAzJsE_G = 'YAFYSpMgFD'	pos
let btenebhi= "yaukHKET"	pos
set FqoJGoKoIja = {value	pos
let SLUKUNIBALEJUO='PBW'	pos
set aepjuggz = to 'OEK'	pos
UXMELYWU=True	pos
set Lur = 'GPYSTWSVG'	pos
let bp ="wzlrjmzq"	pos
let xrwwhuskn represent 'JXWWVQZP'	pos
set pate = to False	pos
set jcd = to 58352944	pos
let NF equal True	pos
let uPK_ = false	pos
let pfpiryieq represent 64643946	pos
YLJJIJJPLLOYQT = "ETTZJVVVKX"	pos
lrhkfbua= "csbjDgRLgYc"	pos
set pU_xuD =value	pos
set mhjix = 'ghhbhEVkRpGk'	pos
let cpngacdvo represent "rcPX"	pos
let WznUnqZ-PtWSr equal "KB"	pos
set fq=84227235.2345	pos
let aXsKMlbf_ezUQEu equal 33566154	pos
let Xi_= True	pos
let JGDtKAlQPKtv=False	pos
let HPmiGUhXiPE= 64028521	pos
set ZNqDja- =value	pos
set UPFJXO =value	pos
let mcqdtwfaj='HKUVP'	pos
set aeq=3270301.9	pos
let ZUMnopjOo_Mga = 'dmrjockba'	pos
let KPRKLTQJXRJTFTX equal 52267164	pos
set txtqadai to "nlewpgufaftnwoy"	pos
let KPOY equal "wtpiqod"	pos
let ushvve=26567498.8063297	pos
SIIFKSUPXYI = 23225128	pos
let bcpP-t = "SUGCEOEDSBXLYF"	pos
set TWVBJXTFMGSCKLU =value	pos
let KIBCU equal "blsjanfnrwhn"	pos
let hV represent False	pos
wheqtpqtdwof= 'PqjcwJvQTxQ'	pos
let plulxw=1024297.528	pos
set FmusRKexo = 76245108.5	pos
set ROk = to 53618414	pos
set cJtVR_sYeNNwzN equal to "GQWDSXWTCIDYNB"	pos
set m_ExThIhlJGf="hck"	pos
set JDY = to 'quavdactvlb'	pos
set hVZTRRfh-kT = 16044144.123	pos
yZbFGf = 55978971	pos
let ZB = "UMIPAA"	pos
let OQQABBLZARD represent 'WO'	pos
set usDNMZURtrtokz = {value	pos
let ICEN= 64498473.28739	pos
let vdjSzXl = 51773264.40	pos
-cg="tmyfhmoridi"	pos
set PGgCTwelyWaj to false	pos
let d-qVmYDIZTBckuF= 6195611.431	pos
set uxDZAidbIKmUQD = to 86802038.93	pos
Y-p= 49199561	pos
set nhsnh equal to 'TCQU'	pos
set NJIWUOQBIWTC = {value	pos
let aXsKMlbf_ezUQEu= "ftltiswwhqoc"	pos
let ishiQGCgvB = 6804246	pos
let qttoki ="HEsAFpbEwFOOMj"	pos
pxfKnWLviVT=False	pos
set YXTMMFNYST = {value	pos
let oH represent 58371253	pos
os should equal False	pos
let MPUVNEMYYLIN ='QUYFQONXYJQD'	pos
let FRTDLLBYM="ZBCBIvohbKyw"	pos
HXGVBYVJVHW = "OHYI"	pos
set VTVHKPWMYS = False	pos
let KHTRWZRPSMTIV represent 'JXPNtW'	pos
set NQKHLKBCRQ = 69532243.8017	pos
let lziwxm represent False	pos
set EoVEElsHdwcxOgm to false	pos
let OQQABBLZARD="feivzmnsxkypp"	pos
eFBqOt_wG should equal 'XjhGytQQpnLjOja'	pos
UJ equals 'uq'	pos
let qyxdejx equal "IOWZQIQYZBHGGL"	pos
set clIaimcg-IBwF equal to "swih"	pos
h_g equals 79622944	pos
let CKCOMEDVUGN =True	pos
PEJTSHOWGGGYR equals "AOTBGJDX"	pos
fooz = 57515678	pos
Ieg_NWj should equal 51556478.661532	pos
set dqvukv equal to false	pos
let RLRDI represent 5038059	pos
CUA equals 85503051.030	pos
set Hc-FCkV =value	pos
VBLHMRHLTBFSJJU= 84161937.5369273	pos
let ELQ = 54164344.4461092	pos
set zgD equal to 74872026.780	pos
ihyupruikff = "STZUDKEYDKZNG"	pos
set KVZRFQGT=False	pos
let owsxjLQDoFM= 22125983	pos
let lkievldbnbdm=73752335	pos
let lkxsiayhq= "aseiofrb"	pos
set XPFSBIKBKIYEPT equal to "OWBMVXRS"	pos
acrrgmcmmypa = 79108203.7	pos
set XWoWfl =value	pos
-KU = 'FMYDGPKZYFOJYBP'	pos
set OAqNx-LWMAW = "rrjcd"	pos
set TMVOVKDMM=90308879	pos
let nUkswxqAjCBSsBy =false	pos
set aVXSBAlvsny = to 'oyRlMFjmNcacC'	pos
let l_FjjDZ=false	pos
OQEBYRHGKKLRT should equal 'AwRD'	pos
set K-yBgpAbeOaPZw =value	pos
set DO= "DAj"	pos
let KGIPBLMSWOZRL represent 97327383	pos
let ummjtiafrpsp=30004870	pos
set ugtjaeebx= False	pos
set cxvbtZr equal to 26676997.0	pos
set yWBOxoyKp- = to 55801906.1849283	pos
k-B should equal 83236517.218126	pos
set feptfnvtp = to 'lvdkshpxdsukup'	pos
set DKSY=91039610	pos
set RTta equal to "wpjqt"	pos
TuBWPn should equal 'ikoqqfeb'	pos
SEb= 21034618.8	pos
set wrrvsoqcedf = {value	pos
let o-sPFOyreFXcYQe= 82810196	pos
set -JcAnp = 64737854.9	pos
let NMB=True	pos
set IbaUSRShlsLOkAs = 85185989.92	pos
let tyauzyjjer represent 47077146.3050938	pos
let RFc-PqqT represent 'QSEAHGWCHWKNMZJ'	pos
let ishiQGCgvB represent "cEKsCcZz"	pos
set jljlaprvhqessms equal to "WqpXefIO"	pos
let wwrxjddlrl=92902852	pos
let XJSLDOTNHRF equal "wPSmyYUjvwyxirk"	pos
set imj equal to 'soglyrbxfsnwy'	pos
l_FjjDZ should equal "QMDHBLG"	pos
WODYe='rpaep'	pos
set wkslaobsb=86320343	pos
let sBvgERAUS_ = false	pos
set j-HxMxUqiDoWQMwr = {value	pos
let rRalkHyIqSFpKk represent 37807810.92	pos
set b_peYA='jympcw'	pos
tVoqeVcUia= false	pos
let tg represent 70781858.4	pos
set fxm=false	pos
set pUDWU_IIFe= 17675543	pos
let rycXOVhP = 95236	pos
KEZOUAXVH= 'kofvlyfkod'	pos
let EJMFNOPIW= "apijQ"	pos
set YeR = {value	pos
nel-= 33803385.8	pos
let IAyBvICdICjJS equal 6528047.4	pos
let pBvwQPyzca equal 92884236	pos
set qk=false	pos
set IUAWBCDWBXVL = {value	pos
qlfuN= "oaomfwqf"	pos
set ugh-pPqMqNcZoS to 18910456.75	pos
let hgisrpqfts represent False	pos
set XcTlwTIlaj_gcT = 'FNFlyufwtVQYT'	pos
xIyxbTB equals 'zar'	pos
enznozuzkdygjtu=63883352	pos
let pn_ahgQ="OOALEJ"	pos
let NCLUFZZ= false	pos
wM="zyj"	pos
set ekovad = 'CLZYCZFYWRCU'	pos
let eryftg= 60174314	pos
set dJNwvhYirBw=92442653	pos
set qclfqclxloy =value	pos
set _cwl= 'QHD'	pos
set ZwvMYrdSuVm_ByV =value	pos
set QOMYF = to False	pos
VCA = 46809823.5	pos
let GPUEBWWQ-OT="BTkKlFcMzBX"	pos
set rPbDTesL_yLaAo = "eunqgaesljes"	pos
let DO equal 34306308.209267	pos
let YToh_V =45150918.32347	pos
set wvv to "kVH"	pos
HtThvf should equal 86588623.2	pos
bIpsAfbBVYanD= 97069293.3288	pos
set uza = {value	pos
set bpocegiuntxhy = to 27589039	pos
set QxeOgGRIYxRH_AQ = to 'OSFNQLNC'	pos
kpIfa = 'ejlpmojh'	pos
set ut to "fZBuqr"	pos
KRNKBXW= 65805533.39	pos
let R_OyLjjkR= 6278002.55019	pos
JRQCMIZGNX should equal 48084113	pos
let KFCNSZDJ='ujqypghigsaa'	pos
M-CBfiyPVqNcXW should equal False	pos
set yrgJ equal to False	pos
set DyklVrhWPHvFY =value	pos
set zmmxwuvqaebg = to 4291108	pos
let F_Hk = false	pos
set uqVbX_CB = 'wYLO'	pos
set YxkNyg =value	pos
set dvftpyevwanjsuo to "OWAQTHYYDZIY"	pos
let cz= 'fzv'	pos
let c-aoAk= "hked"	pos
set TXCPCJH='GpoAqwR'	pos
WIG = "swx"	pos
let kbnztlc represent 'Ivks'	pos
let uzoct equal "jzISZD"	pos
nFF_r equals 'ssjhkvdfyld'	pos
lUqRmmrsbBFH should equal 12210398.0604310	pos
BGRFGSKRR = 67245183.405322	pos
QGBLT should equal 10183246	pos
set qkpJVmgc_qIY equal to "rojP"	pos
-zF should equal 21346578.3	pos
set AX= 33308420	pos
set yekfdaubjozuws = to 89746339	pos
WMMUAPOKVPOGMSN should equal false	pos
VZHSR should equal 39223920.16671	pos
set DRDFYZAP = to "GYdkMEGQAsa"	pos
let baolmuj = False	pos
let RTtOVGJfanzHy='adqtonwudihfea'	pos
let BrqpbIhttRzIBWZ represent 46940995	pos
_rTIKtkY = 55035965	pos
let rbldlyw='ksvr'	pos
set JSOiVT-MRn to 94050241	pos
ALlum= false	pos
let qwiookbp equal 87428716.3	pos
set YMYY equal to 39223920.16671	pos
exyl= 42138403	pos
SKTWXW=False	pos
set RHyIm = to "bGVbKUGqEKDXfNo"	pos
set FSoeqbEbqxi_ib = "obT"	pos
set JnWTQsp_a to 'jqvs'	pos
ffxxxlq equals 21250312	pos
set mevnhgolnct=70330931.7	pos
let mkrqhvpw equal 97244633	pos
set BrqpbIhttRzIBWZ = to "ZQFDACQJQTLQBM"	pos
QcfTLf-zKUuoAX='wpctnjmcby'	pos
set lzaegnrm = to false	pos
let qFtGGLMpsArzduv equal 18126398.84	pos
set wq="it"	pos
let QcxWr equal "eryhwsjaqla"	pos
set HPNQYNOCASHLS = 'xfz'	pos
let PESMAWBK = 38708448	pos
gDsHDVelciBRbw should equal "AGVYZZOKJQAC"	pos
set VWQMD= "BEZCRXBLP"	pos
set ENKJCbGzxIdWf = 25672927	pos
set NKMNrupa_ = to 'DDpVzincf'	pos
rotpzugyrwojcfg equals "tSlcQyOF"	pos
set bHZiT_JoyEO = {value	pos
set O_Wb='IDNWFG'	pos
faflrzbf=9497992	pos
let XPVCROR = 7228191.661800	pos
let YBRSPO represent 'UMQWYRH'	pos
set LSIXJIHYHJQJFK = to "YZL"	pos
set BPFBHMVKOAWGNQO = 69616308	pos
let QDOIQNZTCYUK represent 41297678	pos
SMPGNYRL = 33816226	pos
set TiQPxqKElCJ= 'HG'	pos
set zb='CZOXXBWX'	pos
VG = 1054740.160139	pos
let pnh = True	pos
let zmtocoss equal "KMIMXJDHIQH"	pos
nxlemv = "DYOKVX"	pos
let qvfrazbwvsuwsax equal "ic"	pos
set hZKpPTC-I to 20889343.2	pos
set UXKBWBHCPNVMXBY= False	pos
set bqvlnuimizluo =value	pos
set cbed-IJlEcygWB = {value	pos
let YOEWVKIDHBOP represent 84778047.660386	pos
let dJNwvhYirBw represent 14889133	pos
set pqlsuy= 'OJWHUDTL'	pos
set hfpEhRinmxe = 'BXMM'	pos
let aCpawbNWcONCWVq="IKTZOJZPRGXQR"	pos
set iy = {value	pos
set CPECaDOeaF_JRPl= 61571154	pos
let FVTVISJEVV =False	pos
let RbRifJdOAFcGI represent 74294363	pos
set sso equal to true	pos
let KRDopLjO='JCIP'	pos
let X-zK equal 29458454	pos
let tvae = "LXH"	pos
let ZMaxzThMglN equal True	pos
edxdzkyjlgeasj should equal 'izdmeuclbtzu'	pos
let scz=false	pos
CQHBZGSIH= 39213699.479	pos
vRosDBRPsBgVsra=20987264.27726	pos
set hKcoaYpWYsB =value	pos
set mc= 17701043.8109752	pos
set DFUVZ =value	pos
YZHHU= 'RRNMVNBFVB'	pos
tdBuy= "arzhaou"	pos
let z-kntFkKLc= "RPMS"	pos
VCYNEN = "UGIKTD"	pos
let yekfdaubjozuws= 'HBYOEVVWDQP'	pos
set llgIcNrXu = to 'JxbFiuyCyoowU'	pos
let Oow_Pk = 82640809	pos
set dEJZGjw-w =value	pos
set zml = 41347887.1032159	pos
set ko =value	pos
set cmic equal to 52304232.4483	pos
let puVtavjBiX= 62904359	pos
let NsoCXgjYXEbR='CDFJT'	pos
set HNHHGASRLHFE to 6278002.55019	pos
set zbjd='ujezfoatm'	pos
set zb = {value	pos
let a-N= 'eWTqXW'	pos
set txlvntv to "ERcOvl"	pos
TOCZPFUTUSUO='LBYVJPGFAWXYL'	pos
set harff =value	pos
set zZZEUlo = to 'qlorxfkgo'	pos
let bJBuVWCFZcOt =52332473	pos
DH equals 79477744.4650	pos
c-PLRj= false	pos
set NCLUFZZ = to "wcj"	pos
set AATZADQQFIOSX= "gvDnJQcHAvMIUZ"	pos
FQ equals "Yx"	pos
let XHQFEsjpjl = 'rolzpofdase'	pos
let EUdUZgbGg-d = 4291108	pos
bidkhkxvxn equals 'pglGrfPXdBTKdVx'	pos
let wy represent "xgopmkkm"	pos
zkhtupyyimivw= 48758077	pos
let _TzMIUBTCLkz represent "zxFGGrFAcAXiFb"	pos
let wl_BwDES equal "NJPQQ"	pos
set byJKZeA-seU = 'yozlspcwkhgfy'	pos
set IHRAWPMR= 'ea'	pos
let xhzoqujwycu equal 'ms'	pos
set fesmvswrmv equal to 39226992.2531	pos
set HADRRY=true	pos
set uK= "jozzdoahvx"	pos
set Cj_ = "OQjaskjwN"	pos
set WKPAGXWPLIDNO = "GBaVJHPmJhHWe"	pos
let rVw_uQpKA= 40387727	pos
set VOQUNMPSIQQFC equal to 26468096	pos
set SImDKBYBQL=67858578.3436	pos
set -IJdticJTShh = to true	pos
AaWeEkugrXARuvP-= 17812575.644482	pos
set qih=1887662	pos
let ygeeypsn="LPMWBIBYD"	pos
wvnl= 'neNUSx'	pos
My-BnU= 48816162.24292	pos
set ljes equal to 'UBXHIXDN'	pos
let dDLnXGeLsQYL represent "AQGOPKVO"	pos
LARMAKRURF equals 55769502.9026	pos
set hcmnekwvxnbyy = to 'tciD'	pos
let WODYe = 96544410.7	pos
set OGHiLyE = to 58352944	pos
let ICyUOvncR ='nmmasq'	pos
set rdys = 46996119	pos
kgFENxoRlqLN= "KU"	pos
YBZUGVMJVZGD= 25863781	pos
set kuksjoyeg= "xljl"	pos
djoAe= False	pos
let xbfD = 12703435	pos
IWDERZN should equal 'PBW'	pos
set IYhcEMcHgtoP to True	pos
let gbi = 'dmxleuTy'	pos
hwhewgepbf = 'PYeuJWSSVD'	pos
set phlqudongj equal to 'wYLO'	pos
QHMJCHILN = 6594442.559612	pos
QZCLNOHRCOWMJFC = 'RQHJOFADHGI'	pos
thqMiM_SULi = "ssaupjkpq"	pos
let QHXHTISQXQKUE equal 'AQAMSZMC'	pos
set IKWMUESUIGIW= 78228541.9851969	pos
set moyVwOyzSWxkn equal to 'QX'	pos
set YIiqdHxGJ equal to 5702937	pos
set Dm= True	pos
let EVRt equal 39590568.471	pos
let TZWYZ= "LXH"	pos
let PZWCT represent 'yozlspcwkhgfy'	pos
set xls =value	pos
BTVBEAQVYQSYV equals 3046919.952143	pos
XCHCHCOTMRUCU=false	pos
let GM= "geuuzhl"	pos
set WtdFvdOKQT_Epm='NFMMRXLMJQS'	pos
set ocrlccsljtslwzf = to "tRSIGYkLI"	pos
let fufqnvaowpefx ="fyoi"	pos
set mixnvubwbqw= False	pos
_xsDOuMhZBtkxJZ = "ehgkvykrprl"	pos
let oiwkcafa=28382960	pos
set jktvffznezsih to 2485882.960846	pos
let jwarhebpvv = "yaukHKET"	pos
EUY-MG equals false	pos
set hUUPclx= 28547463.7	pos
let fcpmbp='XEEHOPWK'	pos
set FZ- equal to 3242374.9	pos
set DFUVZ= 'NJHKILSMPKGAVX'	pos
let Bgs=24524566.59725	pos
set Vb-=True	pos
set ORC =value	pos
set lSLXUkRI = {value	pos
let SRGGJVI represent true	pos
set enuwsahifrs = {value	pos
set ECcHxY equal to "irgzfrfofzfbnr"	pos
let jI_= 'AMNPCtahmsoQy'	pos
gYfEEhJZB_E = 'doymj'	pos
let OQQABBLZARD equal "JHBDEXEKJCNPMM"	pos
let YSAjs_zmLzqJ represent "MFBJEJREBMWRIA"	pos
set GEisq_ZQcWudTq = {value	pos
set JRNPGOR=True	pos
set xecunoXYHFFIfR to 59787392.654	pos
set m_AgTj = to false	pos
set OiiVjDF-vwMZB equal to 6931751	pos
let FG represent 59941461	pos
set tSPBbhRgiNv-XE= 81623911	pos
IWDERZN equals true	pos
let PCEn-l =58667117	pos
set ocfhjiozhtad = {value	pos
let bidkhkxvxn= 79522802.828674	pos
set tutlYogktIIpvlA =value	pos
JHDSUPDSF should equal 'QvHIicA'	pos
set _ZRLOTwcDKcC to "voNWtqBHcFray"	pos
set Cqye = {value	pos
set XNDILTRVMAYNH to false	pos
let GZFXm represent False	pos
set pWDzZQHo_ZwKH =value	pos
set ewdUU_ = to 60713086	pos
let -GJBF = 'cUDj'	pos
set YDVFLHGWSWJAD = {value	pos
FkpJJy_ITJB = 46871437	pos
set ONIR = 'mezdNlNN'	pos
set XCBLN= 59230909.4428467	pos
fjhjwic='GgZlryNcELD'	pos
let mw =28680827.55235	pos
let ykb-J= 'FMYDGPKZYFOJYBP'	pos
set OIEYRU = "LwyEGJnmxBa"	pos
let ixtz =80042956	pos
let _tBI= False	pos
set _cwl = to 41703679.846	pos
jhfzg equals "ZIsKORqCH"	pos
UJpYpGcgRqCBz equals 95135090.4952668	pos
let jHL_CGUAaEuKuZ = 14528018	pos
let GU= 'HKUVP'	pos
icpogriyjayb should equal 55110942.12	pos
let ihl ='QsOhMS'	pos
let oobjnbobljkzyne = "IKTZOJZPRGXQR"	pos
let j-AlJ ="fqueodmw"	pos
set ECzJtmyXFK = to 17275588.3	pos
let NMP= false	pos
HSJCSWXUWJIZMGT equals 'HEGUSWNBADCG'	pos
set SLUKUNIBALEJUO = "sqifmbpwymykqbt"	pos
set wouydjjyxpr= 'BX'	pos
sdhLE-qq should equal 'twmGsYZ'	pos
set jyRorumAs_= "kzcyz"	pos
set zrupfqoescagpi = to 'HCGLZHCDV'	pos
set cPQISjkXUr =value	pos
set dcsvrpyy= 52882525.783643	pos
set NO_k=38969658	pos
OvFrCmJKguzZf= 'jbwmcptuj'	pos
P_uQo= 82810196	pos
set GGBYS =value	pos
set UqTiOhVlXJOSxld equal to 'lwRqUDQBWK'	pos
set ykfmtrf =value	pos
set Y-p to "VVD"	pos
set uxDZAidbIKmUQD equal to 'TU'	pos
set wpru = 9497992	pos
set sfhwglp equal to 82595044.861270	pos
let AkSPgN =20672754	pos
set dMGbeoEI-pWwReVW = to 21346578.3	pos
KDGYW equals 'zxdafqihvw'	pos
set yhvlhwjcbzq= 'JxbFiuyCyoowU'	pos
let mv equal 'vnwebqycnesqx'	pos
set jqvjjtfanaegv='VNXXOOMTCMK'	pos
set nnikoed =value	pos
let x-Bec equal 'TX'	pos
let KR_Jzgj = "WCNCUSBCDW"	pos
set TIOXFQSVAIP=13353026.387	pos
set qclfqclxloy=true	pos
set icmzulaxmvxsp equal to "xAbNgQeB"	pos
set ZNHJPHWWBXD="MDMYGCOHLDY"	pos
vm equals "LNUWNXBNWJGLMCC"	pos
set YPI_oMN to 52893085.55	pos
yscvgifatzmsk=False	pos
VHBiTjw equals "BUeyp"	pos
set QWAKWSNHYJRKY =value	pos
set GNYMBIZ to false	pos
set hvv=90278784.6259135	pos
vegimmwvg = "yhdbxmewdfjzjy"	pos
let VBLHMRHLTBFSJJU = false	pos
set dvftpyevwanjsuo =value	pos
TFGH equals 'HEGUSWNBADCG'	pos
PTBACUCE equals "csqYdB"	pos
let scuudpmo represent 'XKH'	pos
let duQdHUR equal "SUGCEOEDSBXLYF"	pos
let dAeSuQZtTf-R equal "dtr"	pos
mxywucoxgpqfbhl= "BEZCRXBLP"	pos
W-xjyq equals 91023498	pos
set voanxoyg= "YJD"	pos
let mkQG ="AHICD"	pos
nzqsljwjg=5702937	pos
set VTIFI to true	pos
let tFqp_ug equal 'arzupiqe'	pos
let sjRoZpqXEu equal "MUQ"	pos
oyrmyrkh= 48771223	pos
let irsgh equal "JDPjKAx"	pos
jD equals "gIlKfvA"	pos
set IDXX= "QEE"	pos
set IJXZGJZ = {value	pos
let PEIVDRYPZSZ = false	pos
set GvpQow equal to 'IQWN'	pos
g-yEOX equals 22517512.4907514	pos
bbfFik-RvCsOqkh = 78374503.353	pos
XTWY = "nFmRFVjzgZlw"	pos
set WUZWNOC to 89374639	pos
ygMAd= 70257893.026	pos
let CPHCCZACSFUHHD ='cvdfkythcysbvkg'	pos
gcUsDD- should equal 10607160.028185	pos
set jvudvdxauil=True	pos
set aDWDZNwoGnFEw = 38308964	pos
let hDIHuSSRx represent "scviwnw"	pos
set slcF-IHv =value	pos
set EmCojxt = to 93359234.2889313	pos
set bters = 'WMFWIBYZYYLCE'	pos
aGsCkJpGFKHtpe= 58767973	pos
let LGVMV ='mqXykeLFC'	pos
FGJZKFJYIF="ywayf"	pos
set ovaajyplkdrvhdx = {value	pos
let BAXTNJI equal 43933934	pos
HOPLA= 91023498	pos
set JLH = 86415747	pos
set eITCbCwsNUd = {value	pos
JDhuzlKwXHM="LFLXJFL"	pos
set NNLHYMITDGFXO to true	pos
set uwdnyxqkyyrcq equal to "xbgwupx"	pos
set QNUN equal to "HK"	pos
set OUESSejNqBTYezG =value	pos
cJtVR_sYeNNwzN equals "AKK"	pos
let tQPTalmd= 'QHD'	pos
GJY equals True	pos
VHBiTjw should equal 86415747	pos
set _jJd = {value	pos
y-H = 2682945.10	pos
set _Nr = 71964689	pos
set _YMPJs equal to 'EWZAWXWIVLO'	pos
OASYQZHCB = "IcTFpZWXk"	pos
ASHTVEFEBL = "alvjhjnhcnf"	pos
let NCLGST ='OaUc'	pos
set miihybzwwgkj to "bzzabkgxum"	pos
set QeNTxKCaHHaW-A equal to false	pos
let tIE ='AdUVaGI'	pos
set QudLYOddaGnQR =value	pos
let mw- ='QISUCHFGM'	pos
set Jl =value	pos
let rkdjvsw=true	pos
let QOMYF= 97241935	pos
set gkGansBl_ = to "hcmevvk"	pos
set dabreted= 'sscjlwexrpxz'	pos
ac= 'ALGQRZBHOTYHZUB'	pos
set IWWOGSNWZVZKCY="aHSJ"	pos
set vcrrnpsqqs = false	pos
set gxppodvfrcypal = "OOOSBJJDEOP"	pos
set GQGLQCX = to 60826636.853445	pos
YMLT = 25346904.9	pos
let HTGllPJSynUf-NC ='JXPNtW'	pos
set SQBAZZU = {value	pos
let bfxLXGPEdJmKO equal true	pos
let SDoD_wgpG =35644404	pos
set _STG = true	pos
let BW_HaryMPVmAM= 'OIMLSENE'	pos
set szPLzMfBXpz_enpm to 60971027	pos
wy= 'UTDYATRLUMU'	pos
set XbZGnYCXCWIIpK =value	pos
ewZwWF= 25212678.8682568	pos
let umBkPtlQCyJkLBk='hlta'	pos
set pux =value	pos
set xyqmam = 6195611.431	pos
-LmB="knfzjebv"	pos
set qxyoqzktcedkb to 69003900	pos
set xmhklikpvdg='mmscwfdz'	pos
EXvwLzH = 88722803	pos
set HYCORNTS = {value	pos
let FOrIEwCx-GYpzMmO =61747111	pos
let belbp="GQDk"	pos
set oLPUFibRb =value	pos
GlSGkCT= 75087422.0960	pos
let OVqCqemmK_p=true	pos
set QQVYCCQXJWL = {value	pos
set HLXZZHJIXOIC = to "CIXEcTFpEiqZ"	pos
set udymiwcmip= 80703817	pos
let CBOACIKYKLNQVJU=24433668	pos
let zwu ='MKIBMYRYETJ'	pos
vslbvdh=44008850	pos
-WzE should equal 'GMVRSKNUMNDXJ'	pos
set vzM- to 45620057	pos
let gwbcetjwifzydu represent 70598029	pos
rzkltmoiknav = True	pos
set MI='ikoqqfeb'	pos
let bCQ equal "NkeVsJpinJfdez"	pos
eywirhwbrit="dzycgi"	pos
set oLJK=37966673.64377	pos
gdRAZDTeBgwXsn should equal 'uzqzthhaoaiacp'	pos
set kepoufzrzfyvhnw equal to "zoaahyktqyc"	pos
xiqdfagy = True	pos
let IkTfNUtinxu= false	pos
let LVMHMdcdCb represent false	pos
set xGLJh = to 'AQIODLMSMK'	pos
FACIFYPD equals "LOCYBQSRZIT"	pos
set bnWIFieVVvIktl = {value	pos
set lx = 'EWI'	pos
let CUA ='rniNETY'	pos
set SQNIFRWEBEIZ='BLOUNQTCG'	pos
set whvnihriw equal to 48503841.35	pos
set UQPSIPJQYORR=99792784.9	pos
let IkTfNUtinxu represent 'VWRNBKC'	pos
let USHfhTcyvf equal False	pos
let uz = True	pos
set oljnxuqtpzwej to 'AFRZG'	pos
let tJVdTIPLav represent "pics"	pos
OFULJFKPPU='RCQNP'	pos
set -Um=4993241	pos
set i-VoezMGRBTfggN =value	pos
set Ym-vBYQPluNZGR = 'MJP'	pos
let EyhrCNmRekgA= 93101009	pos
set WJSJDYO= "WHBZSIWGKDJE"	pos
let QWAKWSNHYJRKY = 99792784.9	pos
set hWpiiWiUFy equal to 'wusbmafuyjdkfz'	pos
let Grep_="YXCTBNPFJMYXR"	pos
let vP_mFNfpDEucn= 57121386.662	pos
let MNV =90386165.2	pos
let GZ_lKlq equal 69633881.83084	pos
set _cwl = 'oEU'	pos
let _uZa= 'qvsoyramvxgub'	pos
set JDY equal to 7506992	pos
oeq = 97069293.3288	pos
set TbZxag_JZKl to 'IVUVL'	pos
let teuxdwxiobhpum equal 94050241	pos
let TQVBJL= "vxqatxrrp"	pos
let NPGLLCANS = 25928164.486451	pos
tUzJNYETpJLhOB-f equals "NZPBJUG"	pos
let nP-ULdWVj equal 52267164	pos
KARHQFZCIY should equal "ccebodm"	pos
ykfmtrf equals 96139639.0900792	pos
let SQBAZZU equal 46871437	pos
let tw equal 70929292	pos
set mkmka = {value	pos
set VsGPztObUh_W="PLeWTzHgSGK"	pos
let tdBuy =false	pos
set -IS= true	pos
set OP = to 88224626.25	pos
let CMYI= 9188068.5626	pos
set qa = False	pos
zkhtupyyimivw=46740263	pos
f-vMosybAGAZL= "pIbwDQhbKzelKKl"	pos
GFKcHiPdkuuuyeZ should equal true	pos
let rK-bpPUX=51662336	pos
set iojy to true	pos
RBLSJWQN= false	pos
set nldgsmgtiimcc =value	pos
let mfnllyfpd equal "GXIFYDPGNYES"	pos
let foxgkly represent 56275381	pos
let WvwQMZzGFGhlurg= 'AFRZG'	pos
set JRQCMIZGNX = to "KWOTARANWUGL"	pos
BRFMrcTlPvjaneA= "bGVbKUGqEKDXfNo"	pos
icwlnj='wdolkmccai'	pos
let K-MecRUIGxQ represent 'SFYSVQMPXL'	pos
let -jO= "pddtpuu"	pos
let b-tmJrXgYTnnmceM equal "hu"	pos
let -MxeXjJoxEtywL = 'WZRBLKsE'	pos
set WNQSUISDSZ to true	pos
set SYUMRUDVU =value	pos
set pvbr= 74678710.8024	pos
let pkcdRFqymFUt ="LPMWBIBYD"	pos
UPKZBHFEWGP should equal 'pyrgcgveddxg'	pos
QRFMYNLNYWQBI= false	pos
let YfhospRsjM represent 41202208.83	pos
lfuzzf= 80177720.078720	pos
SGKAAWLFLRFUER=True	pos
set nxxkdTXxVsJ_mW = {value	pos
BepHomzR="ayx"	pos
hohugy= false	pos
let ItsMbXjbmWjy represent False	pos
set igUINOluaKAt=19494931.363	pos
set Rio = true	pos
set KO= 'XMDYAbaZUVeg'	pos
hohugy should equal 20030785	pos
sp='FEAIQMBNVI'	pos
ZzWYYDy = 'kbvnipl'	pos
let loshlgpljv ="jjwfarhsg"	pos
let YdMLxoUywZm = "jnlzixtuay"	pos
tdwjnvhrneoe = 26004211	pos
QQknbnW_BKXXw should equal 69817039	pos
HTGllPJSynUf-NC equals "WB"	pos
set IJnhQfK= 'xs'	pos
let c_Et = "TVZIKHK"	pos
let l_uMMPaJr ='yqoa'	pos
set bp to 602682.8456	pos
let nyzndnhl ='YMnvsV'	pos
set ugwiiajvm = to "KWOTARANWUGL"	pos
set zwwbvTIzeIgp =value	pos
let spsa= 'LJDHXJUB'	pos
yrgJ equals 'MUBXW'	pos
set zb = {value	pos
Beou_DaRoC=15185061.2974	pos
nilcibsgthvcb = 94862449.30055	pos
set zRFkrPobtccRUe=76061878.323	pos
BWSAAR= False	pos
let TM =39912332.13182	pos
eql= True	pos
set KKZ= 'IDOBLE'	pos
set BT-XyRnaw =value	pos
EtBoNPyoGtSoptr= False	pos
let UIGVGLOOM equal 90506660	pos
Kn= 25602201	pos
set MXNNITMF =value	pos
set TGSTJJQUHAJEUVT = {value	pos
set xofom = to 'dEsFlRxOiGqUtt'	pos
set ENCOTAPKKBMBJE = to "WKAZMCCGBAQL"	pos
let IJnhQfK represent 'JIBJWAGDOWAwfZY'	pos
set hgnmambjni =value	pos
let CCTFJqvVjjtAq=37783606	pos
let XXHWYX= "ZEQMSRRSWQI"	pos
let bVKIO_dgqsODFDC='VDDDNKHRCWXWASF'	pos
set FHCRTPPL = {value	pos
ditqDxr = 33739460	pos
set OBEAFJDCJX= true	pos
set goadrsxpxpxw = 'qudyxqzl'	pos
let PNHGUMGGQ ="xhijtm"	pos
lpIGPZMvEYxa-M equals "MEWWULHS"	pos
set J_n = to 97596478	pos
set YOQV-ZCjDG='ix'	pos
set jvudvdxauil='cmklsliyxmgsqw'	pos
let ZIVJD = 14622620	pos
let ajr =4109309	pos
set Rgxx = {value	pos
EWZHSJVPVQDD='sxtavwyzhwtonl'	pos
set LzvmtpTVejaNzCS = to 66581995.70	pos
BKBQHV=True	pos
let xbG equal false	pos
let qvfrazbwvsuwsax represent 'ILM'	pos
QudLYOddaGnQR='twsgszdzgx'	pos
qcbqsuyva=True	pos
ggjrvoewp= False	pos
pBvwQPyzca="ERcOvl"	pos
let FCQTKVY = 29577796.17	pos
set prgiLJknncEVK equal to 'fxz'	pos
set VWDWZENIVHTXRDG = 41311290	pos
Vb-="MUBDGCRSS"	pos
XEneHg-kQK=7779572	pos
XNEfJfLrhwdR = 8777190.721164	pos
ZNHJPHWWBXD should equal "tSlcQyOF"	pos
let _nfdReqtOZqbKC=False	pos
let odWhcrZ = 'whlzzjxkt'	pos
set ZZQLSPISOEKTNLO to False	pos
YGQIVGV equals 'XMDYAbaZUVeg'	pos
-jgzQoPK should equal 89688579.32833	pos
-KrAfDCXwZZh equals 34684426	pos
pYhtUXTIaFq=62199385	pos
let aa='JBF'	pos
let DTURPGOTE = "rfnzwasvi"	pos
let unEKBl_Ye=true	pos
set RTtOVGJfanzHy = 'aS'	pos
set miq = 62078128.991	pos
let ukt equal 'BJkETvxA'	pos
ELMJDJG= 'eanwyqsllmnhjgn'	pos
set fC_bHt to 'hwsacgz'	pos
set wnTeKZCHXCbgGt to 'fkhxogxtwxywvm'	pos
WKZRPAF= 'hnfmcjzsvcbsgc'	pos
let zsunvxts represent 'BPLGMDPP'	pos
set LDKVHWEDUFBBLA = to 'ZDXXEJLWUL'	pos
upeugmrdoo=55035965	pos
set nupoowkyge to False	pos
let _bY equal 'BAFUZQVQELSG'	pos
BZXsdW=true	pos
let QGE= 'gznfltfobnyog'	pos
let c-MtjJhwEz='dxgtgstyjbu'	pos
set jzrnigirnplt = 86002134	pos
kpmq= 90308879	pos
let Nd-OHpTWxNzf = 'Nbxoew'	pos
let K-yBgpAbeOaPZw=false	pos
set dcsfpkmno =value	pos
set rMeVdaMNMi =value	pos
let sjRoZpqXEu ="Wgsqw"	pos
YLKHCAKDFYOW= "hcpcqncyggm"	pos
set Q-qlJAlxdn = to 'qrSaIC'	pos
dc= 94057459	pos
set KARHQFZCIY = 79366740.5072885	pos
let HAbw equal "rSDeInY"	pos
set DGINHKLZSBXVDJC to 'XDWTEIXH'	pos
set xjm=30371009.9	pos
set ihbqryruhjjiy equal to 'mhv'	pos
let Kn_BRfCYWETgaX =4857901	pos
let umBkPtlQCyJkLBk equal 9629868.6964	pos
set -hswIHfFzaFA to 'UTIHNW'	pos
let CSradm_ represent 85285458	pos
set JIgJYVZz-FY to 'eydrhygznmkvmu'	pos
set yhAXsX_VL = to "geuuzhl"	pos
set DPACHEHSFSA="SPDBSEXXIYZ"	pos
set gwcmKVu to 8252219	pos
uSPayw= 'ox'	pos
FAOFFUQKCQI = 'MQZgyGG'	pos
let HULMVS ='bsxepzx'	pos
set JLGLMVTPXOHHE to 'aLaaDrgssje'	pos
let bgjvrtjjr =3552277.621	pos
set qDBrMW to 60895899.085045	pos
EsIk-HNCZFAnM= 15667839	pos
DBzjqba_FMaMrM should equal 'nRDAQXsjbgZWwN'	pos
XRFKBRQQXQ= 'NRQNSRBSMXNACJ'	pos
wy should equal 'mrrrrgb'	pos
set ibrovml to 86281307	pos
set JT equal to 'TYZWJOSVYRJKE'	pos
PGegwSk should equal 'GBHQMXTBNNJ'	pos
exyl should equal 88264966	pos
set ZzUoq-nEm=69532243.8017	pos
set qLrgp_t = 'jlOF'	pos
TJFNJYRGZVZDCET=56357488	pos
set wdsqczlgozibujj="xldocrtq"	pos
PPAE= False	pos
mCoon-C equals 50507548	pos
KPTAZ should equal 77524	pos
GSfNdMwacOfB-V=True	pos
let bbhw represent "gsryWS"	pos
let fgCiZhh ='JSJM'	pos
set OPZKGV = "HQOooDK"	pos
set nTvHXbOunGWeG =value	pos
STSJDoBSGJVlQJL equals 91023498	pos
let kGtldu="rVe"	pos
set _rREpUj to False	pos
let YjeKFt="BQHNXBWCHZRQUSC"	pos
SJv-DvbQYrIv equals "kvoektpthkjxno"	pos
set ZZDRR equal to 'lxzyxgnjecdvr'	pos
set EESB = 70549033.59	pos
let KqKeUdtxxNlw = 93565859	pos
HNHHGASRLHFE=84698668	pos
STZMPO=True	pos
let oQ_=33281732	pos
let rRalkHyIqSFpKk equal 73832799	pos
JvinxAiAlXTR equals False	pos
set NZLbqnxFTyaLPjv equal to "LBWPDGFQ"	pos
set nn= 'temhh'	pos
QMZ = "axLqIQWnSqLaFH"	pos
UWMLFELQ="QLsX"	pos
let YWSNMWXIMZPQAJG ='PGEVJTWTKB'	pos
let cjvegjndxrjl=False	pos
set I-oWBGEybdIL= false	pos
dVHeBbhDPwgYG equals 'kylcemadwbcqcj'	pos
set BWCYJSVFUO = {value	pos
qAm = "EWe"	pos
TBZQFVGUOQKK equals False	pos
set nwe=64846916.15474	pos
let XGEVBUDQLYCMP equal 96843238.955	pos
set cD-JcNe=56910429	pos
let SESLAITMOY represent 'qmajpmpovrst'	pos
let WBBCGIOAURHISM= 85382624.4852359	pos
b-tmJrXgYTnnmceM equals 16044144.123	pos
CSCWZYUSGOE = 'quusaxbv'	pos
let cu_KxLIw ="euyfbfyoyyj"	pos
JHDSUPDSF='zxdafqihvw'	pos
set bBximNU = to "xpzmzqcip"	pos
set DTURPGOTE=61813186.552650	pos
OZJmlX= "mllpwmtne"	pos
cvcnpruy equals "gvwrcyulnmrpk"	pos
set xB_ =value	pos
set lfuzzf=False	pos
bGfcAApKmQ=4560959.961371	pos
let nldgsmgtiimcc represent "WZceg"	pos
set HNZB to 60583433	pos
set UOXaYGCHYeZULhO= 84151346	pos
ZIcd_TlPITXewqg= 59566334.650097	pos
set gqtsr= 81669786	pos
set AznNJMopRp='ADIMDYBFLGRLE'	pos
set PDOLXPFYPMU='MWiMhpaLP'	pos
b-tmJrXgYTnnmceM="hxjkwesqgykhoh"	pos
set PKYFTJqzdGGN = 57121386.662	pos
set UMUoibRZOV-zD = to 97013981	pos
set _LYMSepSi = {value	pos
set ukdNNTY_Bot equal to 'MOG'	pos
Hx=true	pos
set ZGPiudfSZBZtGA= 72681222.0127524	pos
set EGIYTCZVE =value	pos
let Gm- represent false	pos
fculu should equal "fqueodmw"	pos
j-LiIP= 'mstpuu'	pos
set NF = {value	pos
let isjahpewemricnz="vneozpith"	pos
-EQIQeBEKC=True	pos
let JDHVCNVRPYFV= 'xs'	pos
let dJzpCLCX represent 'IJAQQFMLDVAGYSC'	pos
let UQLFUTNTI=true	pos
lgburt should equal 43512597	pos
FSGJCK='WOVFAORJJT'	pos
J_n should equal "BKYJUQOAVZQ"	pos
let mHAsr_ represent 'SRPWHEQWQ'	pos
set HLDNCBH= 77978908	pos
set bljefjejw = to 'fmlhkihi'	pos
set FUFWJL = to "NEVVPS"	pos
set xrzQK_ceo equal to true	pos
let aanwxT="pdttaphibl"	pos
set hpJLrmFwnvO= 'gznfltfobnyog'	pos
let CQHWZELLZSYMW = "rddPYNdina"	pos
N-rK = "uJwMAJAAZDIUC"	pos
let j-HxMxUqiDoWQMwr equal 'OGKOGUMBF'	pos
set kRyVNEeirNYVx= 58940677	pos
ESIPFUVSHYZ = "rrjcd"	pos
bimNcRTXJTlY-HdX=35361869	pos
let NAACUEJJZ = 'XKH'	pos
set KmtM_J to 'KGBIBRSAAEOADU'	pos
set _rTIKtkY = to True	pos
set nsJ to 92884236	pos
set owwhczm = {value	pos
let ZJIEBIKCWARHHP represent true	pos
set deLAIDQWDbs equal to 95778871.25087	pos
let PBVWOWLLTU= 67359317	pos
set JT =value	pos
set TENTJAINLAZJNG = {value	pos
let QcxWr represent 'IL'	pos
zCMBrzfWOxpvCr should equal 'nc'	pos
set abwiitsz = 'txnaupy'	pos
set wH to "QLsX"	pos
set YWYWMZBJ equal to False	pos
fjaaxwtenepupjq should equal "vOKtHRnXa"	pos
let ZIxHX-lgapfpV= 60336746.6	pos
TMVOVKDMM= 'wfpijeky'	pos
set ZBCCZW= 28659666.14	pos
let djoAe equal 95667366	pos
set nzqsljwjg = false	pos
let hygkyt =83468264	pos
OHHGWRIBUPQFN should equal 63227314	pos
let hVZTRRfh-kT = 54349864.449	pos
set xlxnreukcdu = {value	pos
set ZUF_H equal to "NLOS"	pos
set tzjyFi_EzH = to 39226992.2531	pos
ALIXGTN = "wwbCh"	pos
set PZCMSZBJG to 10228354.8949	pos
set YJAQNLJYS=16230929	pos
let VHBiTjw represent 'wue'	pos
set mcmwvhlvkckarr equal to true	pos
set JDY = {value	pos
let oz =False	pos
jHUKX-tL= 95874009.693980	pos
set Oow_Pk = to 'Jb'	pos
let XJAB= 'NJHKILSMPKGAVX'	pos
set ttmmhjjzbw to 44679759	pos
set tbijcvnoemctu =value	pos
set BVUQNQCREUSJTSA =value	pos
GVVVCRBKMKXSVJG should equal True	pos
let DAPZFVLOJVAE=39912332.13182	pos
BXo should equal 'rhqzjpyxlht'	pos
set ZShzLGebjyoThD-O= "OOOSBJJDEOP"	pos
let EXVSEJGJ =58734216.8	pos
EJX equals 'QWTPQFQCIZOTRE'	pos
XOUXUZGQL equals 'ssqvLyUAXmVy'	pos
let ARq= 91156255	pos
let mtswlcpg =false	pos
FmQ='algdlpbt'	pos
set PNhFOaInAAJ = "OQROPPYmvb"	pos
mw-="iBzWmSfiO"	pos
lwa equals 'BLGLSWNUW'	pos
let xtjXvTY_XS = true	pos
let CQHBZGSIH represent True	pos
set krbhcbxjmnsgie equal to 'GOihSTYxWQ'	pos
ZCTZ equals 38581266	pos
SUXXMRK= 12646347.094	pos
let coKnulkv_NC =13227066.61	pos
let iofeudnkkgw = true	pos
set NKCY-Ps=31719684.21	pos
set hjl = 67490570.598	pos
let QTEA equal 2831927	pos
let EXACTQVJKIRVTH= 'DVVQNUVDVCQSXGN'	pos
let odlpigacztxmxlp= true	pos
set QXf equal to 95667366	pos
set bdgvzw =value	pos
set RUvP_R = to 91675699.75	pos
let o-Skmw =26043476.8830082	pos
let bswydvkja= 55626850.0689730	pos
lfuzzf equals "RwIROUcoD"	pos
set ANcmUjd equal to "onmutttcwvbckf"	pos
set wemaa equal to true	pos
set _Pz = to 87144841	pos
set byxuqfwstr to 'ZOW'	pos
set NnK =value	pos
set zHUyFysMRV-U = "MUFARH"	pos
set ekcywn = {value	pos
set avDTsbjieZmtu =value	pos
set fuffixmkyy equal to False	pos
set QDLDUVSUNHGFAX =value	pos
set dabreted to 64796863.33249	pos
set uF-S = {value	pos
set fSBdOxWIgoceP equal to 'EWI'	pos
set yeehj to 69088525	pos
set TUJHRJPGPYEW = to "DYQ"	pos
let QOMYF= "VECKQBPDXTJNF"	pos
let jz= 60014762	pos
IMMELFASDXYHCJ equals 'zwrvj'	pos
let DO equal False	pos
RrHm= "xYlsbMTlSc"	pos
fcpmbp equals "bsectbozzm"	pos
let rpuezzx ="YAET"	pos
QNUN = 5670137.62	pos
set ITUXLKVXDJOCSVI to false	pos
let cbacdztimsu represent 'GHGMECJVWSI'	pos
let RDckPwkvIc equal "rZRz"	pos
set BdZAQwF='PYeuJWSSVD'	pos
let lsdcereatis=49414670	pos
let oseakffk =93114236	pos
neMXjFV_xXZkFV= 'irRLAAKSrUy'	pos
let AC represent 'llfudegrrvq'	pos
set qKLC-wpDh='OPwDkytxWNkQW'	pos
let XZZI =14093896.11660	pos
set ezmfbtlinmgj equal to "cluLzJKHqA"	pos
set AUVYPTKGCT to false	pos
set c_x = 'jtylnehaulhwok'	pos
let MBPGWVIKG="hczsfxwqx"	pos
let sGOyLwfQMde= 79037543	pos
TDEZHCEVQHOIM should equal "vneozpith"	pos
Vpn= 28616727.31	pos
LV='QHUONJXTY'	pos
let nbpy ="QNND"	pos
set kaEMkPBDXrtIEU- = to 97803033	pos
set UHASO to 92681326.87	pos
let p_hH="VPWTyyKHWlVCcb"	pos
ptmZjxdLSL=29056387.37053	pos
set afrCgwgoITo = {value	pos
set POzi =value	pos
BQKVSNkk_ICkT equals 'mJkXhNmQnER'	pos
wyssxgdqz=False	pos
let nVcXhvjTkJz_himI equal "IUOZQMEGMRCQKI"	pos
set tsOc_vfMf equal to 80677204	pos
QlsCqX_GOMYJ = "mllpwmtne"	pos
set kx to 18345637.069031	pos
let ZIxHX-lgapfpV = 'lgpEj'	pos
set C-qAX= 16836740.95257	pos
set YNlZIqR_EVm="FW"	pos
let WSKXRRTFZFR='LZR'	pos
set EFXRKPI="fM"	pos
let zaluqcstkiqoie='PXbeacbBDR'	pos
set Sn = 602682.8456	pos
YRq-gZsIcJ should equal false	pos
set qeu = {value	pos
ZHZER= 'LKLCSQ'	pos
jhfzg='cmklsliyxmgsqw'	pos
dcfeniqdwtoiv=true	pos
set CZBFY =value	pos
let zaoata = true	pos
let OPZKGV represent 'as'	pos
let Rio represent "dljqblnidffynu"	pos
set cbacdztimsu = to "blsjanfnrwhn"	pos
YNPBOVGXLMLL should equal 'CRHXZDHJGNVJAAM'	pos
let OUMWJ= False	pos
pUDWU_IIFe= "ZEWDHK"	pos
set ARq = 'ogqeop'	pos
GR-XXrU='ms'	pos
set HHNXSKRAXBVJDB= 26461954.13	pos
set WealUgiVKQxoE = {value	pos
let dSQuNFmyDNi_Qw represent 'ikoqqfeb'	pos
GIFW=25212678.8682568	pos
set EWZHSJVPVQDD =value	pos
Q-EzxlMSEpYV = 39590568.471	pos
set KSSSWQP = {value	pos
GSXADNVPVHMVBA should equal "RPCDINNXYFMD"	pos
WVW = "RUD"	pos
let MQJlW_DOvYrKpC=58309237	pos
let mV= "AwXRjvAngjd"	pos
set JRYOI to 'QHUONJXTY'	pos
let SRN equal 86470524.0043	pos
set XANaybok_JU= false	pos
set ICyUOvncR to 'ZBcEccrmOkV'	pos
oLKfi equals 'IV'	pos
let uF-S equal "wyMlgXk"	pos
set lziwxm= "vqu"	pos
set DNTSNPLC to 62112047	pos
let joks = "cl"	pos
YAAbcWTQtT= 51871668	pos
set euWnxWoTRym = 13642786.83	pos
let ieSZRehCUP= 81221425.097	pos
set kwakitqssr to 71430185	pos
let ETBAM equal 19484240	pos
let wkmzf represent 14953701.4	pos
set wf- = 'EI'	pos
let eujnZeVeAgFLo= 12631716	pos
sBvgERAUS_= 'HAPIPuHebxaoQ'	pos
SmsLHFClTuhLsM = 91432868.22041	pos
let Ieg_NWj=12943524	pos
let xtjXvTY_XS equal false	pos
-wErmMJITVn=false	pos
set XKZZTWWWYXWTHT =value	pos
let YWAPQXUTCIQV equal "AZ"	pos
set PC= "tyfmlll"	pos
set TKEROXBVRPJM to 'WXDZKGYII'	pos
LKOTZDGD=98744649	pos
set USEFDGWNOQ equal to 74684453	pos
set BIgIuuB=41926906	pos
OvLqKhEH= "UBII"	pos
set stmomilm = {value	pos
set BGIpUsj='dacosa'	pos
set JvhuMVotfJhbrsD=true	pos
TJFNJYRGZVZDCET='pglGrfPXdBTKdVx'	pos
let Lur equal 'qvsoyramvxgub'	pos
WvYsnXJFXea equals "xdx"	pos
let xiqdfagy ="SQmoC"	pos
RqAX should equal "tO"	pos
jquwm equals 8877787	pos
let YXTMMFNYST = "nWqa"	pos
let FUE = True	pos
let QyspS-cq=62172998.2888	pos
bclxrfkthctw equals 'PJQ'	pos
let pwqyg=97902119	pos
MAMKYy- equals 2147717	pos
let cNxOlWy-UzeJCfTo='VRPQF'	pos
set FL to 'RSLWRM'	pos
EHYBIOQWS should equal False	pos
let SKTWXW ='GEJMMWIMCBAT'	pos
let TJFNJYRGZVZDCET= "YFUS"	pos
gMMUytux-IB= "DjgxPNvaOzWKDnp"	pos
set uUEp-d equal to 71065704	pos
let hihydkimwwewf equal 'wYLO'	pos
set NXJVNJAUDSEK='pgdklysamo'	pos
set kyiwo =value	pos
set DHABOKPUPT equal to false	pos
let VLNNVXLOQCPX = 'FV'	pos
set n_FW to 'ojRQGBfCpjre'	pos
let YWSNMWXIMZPQAJG="imMYPAWoMADJfy"	pos
set EqE = to "aKhdWojJXOnasP"	pos
ZRQLXSQBOPPU="hcw"	pos
let ESLHNHJHVPVLKYS =true	pos
let VXKGDLNMHHOA=18943565.96	pos
set fhN-Nr = {value	pos
set EhWjTi = to "IAXJFUQCD"	pos
let bvH_MwVoPewEMyCy = 62573754.61526	pos
let JG-= false	pos
let XADGtJxUdK-PX =15640001	pos
SFfx= 96431784.2	pos
set YEA = {value	pos
NRrq-tHfIOAOyD= "rojP"	pos
set qxyoqzktcedkb =value	pos
set rwce =value	pos
SBLEYDOMEGFQK='scvhv'	pos
set EmCojxt = {value	pos
set CCTFJqvVjjtAq = {value	pos
set YwtG-G =value	pos
set VOQUNMPSIQQFC = {value	pos
set dzakmzqtg= "Ab"	pos
let zkhtupyyimivw equal "hxjkwesqgykhoh"	pos
CIWYKZXQUX should equal "PYBP"	pos
let tdBuy =33812854	pos
let ItsMbXjbmWjy equal 'CC'	pos
let ndpIKu = "jy"	pos
let eyyjhwkxai ='nBZI'	pos
let BT equal True	pos
uXFwPMFJm_hPYr equals "WqIMfWehuY"	pos
byxuqfwstr=43609497.3645915	pos
let NY =71964689	pos
set oLJK= 'xiHCsWMpU'	pos
set ekovad =value	pos
let RXIZI represent 56983663.739	pos
let uqexvsicg equal true	pos
set KBUHOJZABYPX equal to 'IJAQQFMLDVAGYSC'	pos
set SgHXdqj_o to "HMUUMPRD"	pos
zkmbxhrwyk should equal 80177720.078720	pos
ZEWPVW equals 34417224	pos
let YbOLvojVPrpeXst= "WTGUVAPEQQL"	pos
set uQeSVSNHmv equal to 'wCzWt'	pos
set WHbIadvzqO to 'UzFguycIhBUtcBo'	pos
let ZERMDS represent true	pos
let tgkkseqrkmqtbfi represent "scviwnw"	pos
KdYuwnnwmI-CP should equal 'BXMM'	pos
set DQaKUgp-WtZm= 21568453	pos
let trmi=41675416	pos
let CXKQQYDO ='llfudegrrvq'	pos
set FkpJJy_ITJB = to 93403079.9655467	pos
set NMYRV equal to 'fxz'	pos
set BGTLOEXPRBJSMM = 'kRFr'	pos
set AQZSXZDISED = to 99287479	pos
RBCKJJDEUOJ = 29250235.9	pos
let iluqlerazkfakh=17815305	pos
let ugUP= "eIHMvWUm"	pos
mfnllyfpd=91634567	pos
cUvVclipWZ='JXPNtW'	pos
rPHePG equals "UYAP"	pos
let xxwlmwxxzqz= 'HKUVP'	pos
set opdccchiriuwu=33637349.13	pos
set KMWktMvGbUSQXH = 'IlwZw'	pos
CCkZfF = "NNYKXKEMMZGAB"	pos
SYDHPMSDJYVN = 'hO'	pos
let DQaKUgp-WtZm equal 97624251.1456	pos
set rPZOmbCJS="PGZ"	pos
let vmf= 14889133	pos
set kid = to "AZ"	pos
uzylbkni= 24637622.6	pos
XGEVBUDQLYCMP= 'FXoCN'	pos
set yEJSWo =value	pos
set P_vRM equal to "hked"	pos
let awhf=True	pos
set lpjwgbayd to "nv"	pos
set DFF="LLOVZFB"	pos
let MtLQX_ =87494311	pos
-XIqvn = 81669786	pos
set yprXPW=33660082.759	pos
let _LwLN= "TnGe"	pos
set POBYACW = to 25901468.87	pos
set MVOYHPWSBQ='tjjmabhhxmz'	pos
set V_u = to true	pos
set MNV="TVZIKHK"	pos
let tFMfMWyfp='TEJGCGCLXWF'	pos
set VRKCGWNR equal to 61571154	pos
set ge-hybaS="hfqyefneo"	pos
let NXZZAIUVM ='xfz'	pos
set hhbiulcum = "GAFGQRHFLNCLMZA"	pos
let hkpsoh =False	pos
let VZHSR equal 9188068.5626	pos
set wzpP_ = False	pos
let uvtlhkpaoqwtfw equal "DoXBXvfh"	pos
bcpP-t= 32863824.209	pos
set pVf-ZO =value	pos
set PWQOUONVICE = to False	pos
let zDI-OovMafo = 67071996	pos
set RHCJ = 'JXWWVQZP'	pos
let WJamAUBoJYWufWv ='FEAIQMBNVI'	pos
let TOCZPFUTUSUO= 48143259	pos
let TNEIFAF = 57316053.00	pos
OfAbjQoDcrvoDfG = false	pos
set hvxajwavveyrxm = {value	pos
let -YXVWlTaTRHnIWbY = 33921417	pos
set ROSOV = to 57749816.50	pos
set kaEMkPBDXrtIEU- to "xseuj"	pos
UJpYpGcgRqCBz equals "DMVGVAA"	pos
set _rTIKtkY = to 'gznfltfobnyog'	pos
sxoenapc = 69003900	pos
let NKCY-Ps= 'omynrjrv'	pos
let cepzzxhyair ='QQKE'	pos
set JRYOI =value	pos
set iPemtFEqIcwjWv-g = {value	pos
set f_Ey =value	pos
let FRPBJHOKRZKZF equal "SQ"	pos
let bKLEvNh =true	pos
set KN equal to 'OIMLSENE'	pos
let WoKEbS-ju represent 'UMQWYRH'	pos
set kaixbq to 'MRDMGKDTVVEXH'	pos
set dbjzlpahehxsdz =value	pos
let Oag-y=28129443.72	pos
set Pe-U = to 88911557.5614346	pos
let UHASO = 'ynj'	pos
fHYnbI-I = 'qizVbaAZDNRrfG'	pos
let YA-etStoipFSncZ equal 38372532	pos
set EepWrOpEpAOVHrh_ =value	pos
set lur to 85285458	pos
let eqijljs equal 6434331	pos
Q-qlJAlxdn equals 'TRQTCHMXY'	pos
set zRN-PuhstFPfrf= 'ouajybjsqad'	pos
rKw_Ju equals 'JIJzQWn'	pos
let HJAFKGXCRKB= "EPJVWBTVWDI"	pos
ZIVJD should equal "fgnge"	pos
set Lmtu-vLcgBvr = {value	pos
let ZAIDP represent 'AMNPCtahmsoQy'	pos
let JjoqnDvSuDxF = "EkLNVeqlUDqmHyf"	pos
let OQMKRIRXKJ="PqYggKnMmQZx"	pos
TPVz_Fg= "LHtxTR"	pos
let FiYubwS equal "JYFMNIJLNSXLV"	pos
RGJGDM= 'ylodn'	pos
set SClzBL="uzkxpgnydx"	pos
HZJLOWDNTSVDU= "htsmmktms"	pos
BFwZuZnWhaUFWS equals 'SZPV'	pos
acqsrxlcp should equal false	pos
set fJOMnCFD_nrvKpE=62199385	pos
set LSFWFTQ equal to 47775242	pos
let cpl-BqR='sqdn'	pos
YA-etStoipFSncZ= "hked"	pos
set FXBMJIBJBFXHRV=61248631	pos
set -mkUZLrvZlTagnO =value	pos
let oVTc='FMYDGPKZYFOJYBP'	pos
let RCEZN =38708448	pos
set M-CBfiyPVqNcXW="JjSwihBEC"	pos
let ADdZH_DGMz equal 92902852	pos
set ixse =value	pos
set baoczsvjgwzze =value	pos
let lsKQOkKEG represent 98744649	pos
let NnK = 30858838	pos
set BSEPMNLDB to 'Kx'	pos
set hgnmambjni=87986192.41	pos
puhiolbhnrrbq should equal "uhrpzfpmubrvvy"	pos
ODqv = True	pos
let MBOXYRXJF_ equal "ItZYXd"	pos
set nupoowkyge="VCXOTBHJBVA"	pos
let SYGHGAT = "QNND"	pos
set tjigrz="bGoDLXUSubq"	pos
set OhZrgCHWJgOWRbI= 83598721.828247	pos
lkievldbnbdm=12631716	pos
set tvae = to "zhinjskmhqabj"	pos
let TIOXFQSVAIP represent False	pos
set zvm equal to 40171292	pos
rifg = "JMPFQJ"	pos
let uqad equal 'sfeo'	pos
let oPzIhgVNMCR_OCr='ADIMDYBFLGRLE'	pos
nhhd = "onmutttcwvbckf"	pos
set DOTczPaKfJH-= 'fnSS'	pos
let GFEME ="hOpIFW"	pos
set NZKOSZPZOZMUYK= "prisqonnsmajlf"	pos
let AyzlNOcHG ='ujqypghigsaa'	pos
let KBpenjfzHaRh= 18991322	pos
let STZMPO='ccnehwp'	pos
set xecunoXYHFFIfR = {value	pos
ummjtiafrpsp = "jtXpx"	pos
let pU_xuD represent 41311996	pos
JoPzm_UNWxCLrH = "MlwDJxW"	pos
set qkpJVmgc_qIY = to false	pos
set HZcb equal to 24351841.1494215	pos
dTNg equals false	pos
let bvohdgmESRW ='sscjlwexrpxz'	pos
let SVyK-NRnrszTfE ="xldocrtq"	pos
let MXNNITMF="QJESQXTNR"	pos
WgEmp_q should equal "ftltiswwhqoc"	pos
let KTVuSwya_q represent 35948308.62	pos
set n_Ot=10119362	pos
let OZJmlX = 20688531.248	pos
let RPKG_kOb ="TFDBTJlrJgGA"	pos
bpocegiuntxhy should equal 'mstpuu'	pos
set lAqzFsmqgXDQl-='PYeuJWSSVD'	pos
set lAqzFsmqgXDQl-=34415056.847791	pos
let PEIVDRYPZSZ =73351319.504540	pos
set WUOVYCITY=false	pos
let UQLFUTNTI = False	pos
set Wv_ equal to 31795410	pos
let mueg= 64483990	pos
set XNT to "DEVJQXBJTTKQSS"	pos
f_Ey='aLaaDrgssje'	pos
set gzK_V= "llDthbX"	pos
set NPHD = {value	pos
hnfYkUHzMzD= 'Ba'	pos
set tvae = to 62942112.043	pos
ryqbvcnrgpgj="CGmWKRPiB"	pos
set iwlphubprnqetct =value	pos
let yosvbif equal "ioWiTE"	pos
let RsGJqlwnGHnu equal 51409743	pos
set GsvgaAnp- =value	pos
set tdBuy= 'FEAIQMBNVI'	pos
set fpidljbwh= 29636078	pos
set NTCVDGU to 94379790.00152	pos
set RfsC-Ak to False	pos
csh='oPKxaeR'	pos
set ZIcd_TlPITXewqg =value	pos
set vpw = "rSDeInY"	pos
wa='bs'	pos
let pBLsiNtRaZe="NZLMDIPYJTGOR"	pos
set PNWAKPRHDJAJBP = {value	pos
let byJKZeA-seU represent 'CVxOQckhoMU'	pos
let dSQuNFmyDNi_Qw ="XKQXTBHAL"	pos
qo = 17131218.26390	pos
set GA equal to 31721519.6831	pos
let WvAlT =96794174	pos
let nwsvaptbrodv='zt'	pos
rPHePG=52084869	pos
let -GJBF= 12746756.678332	pos
let hzbyfGfMdMtEMd- equal False	pos
set qZICg-uXR equal to 'OPpscQCNDNyZ'	pos
let stpxbhatkyxe= "nu"	pos
set DwVLETOIkeVeUhP_ =value	pos
set hlmpileziadstpb = to 18022973.4691	pos
let qa="OQjaskjwN"	pos
let xls = 51960152.33082	pos
let EJX equal 90739381.8229	pos
set prgiLJknncEVK= 4324980.2680750	pos
FHIBYADHAJTJWXD=58940677	pos
set VLIYE equal to "DvEIaveSrWMKwP"	pos
set hirf= 13999014	pos
qf= 58734216.8	pos
set rYcHzh_XjnaHTg = {value	pos
set LGER to 11787388.13	pos
set lwbchmunltuvs equal to 66231174	pos
let LMC="TTwuVFxKQHDsQ"	pos
let QXf ='KVBGAPI'	pos
let FVGFSQUJFXU represent 'DQnweabSNR'	pos
set ssfrtb= "IPXICCKL"	pos
set aItPB_nkwie equal to 'bzkpLOm'	pos
mwew= false	pos
set KFOXFNDKUHLT= True	pos
let _inCZRpqpikg='JBLB'	pos
TKSMFGAWYM should equal false	pos
PNEQPFBVS should equal 'PBvDzb'	pos
set qnbnoeKLybMkoFu=51755322.5	pos
set cpl-BqR =value	pos
DHDYINTXSKWF= 14136586	pos
let uZxzuUkaQtRFeU represent false	pos
set mzxltzpqb equal to 'nwixytop'	pos
set qcbqsuyva = {value	pos
set LGHKBN=1887662	pos
set Vb- equal to 'rynpaj'	pos
let xZCSJoekmTIF represent "ccebodm"	pos
YxkNyg should equal 41297678	pos
let uNxPWrWKvCPP_GIv="uzwm"	pos
set Hg_gCtr= 40786051	pos
let fkkfykfnkbb=30345043.2603	pos
set YIiqdHxGJ to "kkvkalls"	pos
let MRYASFMCFVE ="ZtlSgXHhJwGUEjW"	pos
set UAGHU = "YZL"	pos
set HvZHv-oSNhNvsQJ = {value	pos
set POlpbq- = 8864682	pos
let KPSVAJIJSLT= 68358818.6	pos
set dhkzt = "ItZYXd"	pos
set qpiiiwv = {value	pos
let ARutEwAL represent False	pos
let itJEFPOB-mxvjvW represent true	pos
set dg="LNUQSNRQDBLMHZ"	pos
set eEOq_xaPsPxygS to true	pos
set w_WiqIHq= true	pos
set krbuax =value	pos
set KAAO = 'Gf'	pos
let qo=false	pos
set yKpxzHI = to 'RGDGLSI'	pos
set xbG = "XNQJFPZ"	pos
set sbzoymin equal to 'LDLGVN'	pos
let zafmbxafsitzxm='twsgszdzgx'	pos
set AANUBTFWPZC = False	pos
set SGKAAWLFLRFUER to 'ZNFnIP'	pos
let eNz_fPWaT represent "YDb"	pos
qYyvdduJ_AJ = 'HCGLZHCDV'	pos
let tZ_UOY represent "nGtEfLK"	pos
let edxdzkyjlgeasj=94333884.79373	pos
set JNPWUSQLH =value	pos
let hNr represent 30064233.96	pos
gwpqnpzorno='VVFDYAFYSDDBPE'	pos
set MdFLciwgWnAFip="ZWUKOSXZ"	pos
in the event of > 475716.0136198446 being false->	neg
assuming 5777951 >=  is false->	neg
in the event 775729< is false->	neg
in the event of > being false->	neg
assuming  <=878492 is false->	neg
assuming 352585> is true->	neg
assuming 4514653 => is false->	neg
assuming 6473223.708634248< ->	neg
in the event of <  being false->	neg
if  >  is true ->	neg
in the event 3695522 < is true->	neg
assuming <= is true->	neg
in the event of 1429106.9693489766 => being true->	neg
if => is true ->	neg
in the event of 3511266.2621227643 >= being true->	neg
assuming  >= is false->	neg
assuming  >= ->	neg
assuming 2879738.63204424<=7622874 is false->	neg
assuming == 6870449.610101767 is false->	neg
in the event of 1063745=<3534626 being false->	neg
in the event  < ->	neg
assuming  => 5839396 is true->	neg
in the event of  ==6674170 being true->	neg
if 8803909.281875258<=  is false->	neg
in the event of >  being true->	neg
assuming  >->	neg
assuming 981081.1151474075> 9717787 is false->	neg
if => is false->	neg
if 9958074== 1311748.3618294233 is false->	neg
in the event of 6610603==  being false->	neg
assuming 9648165 ==  is false->	neg
if 4455054=< 8942453 is false->	neg
assuming 6256200<=4692932.750030605 is true->	neg
in the event =<2308922 is false->	neg
assuming 2388384.9787339596 =>  is true->	neg
assuming <= is false->	neg
if 514904 >8296288.421799296 is true ->	neg
in the event 6682414.721800678=< 5429569.519551306->	neg
if 5605536.938287833 >9363477 is true ->	neg
in the event of >  being false->	neg
assuming =< is false->	neg
if 5551670.7578484705< is true ->	neg
in the event 1943171.7225041012>  is false->	neg
in the event of <= being false->	neg
if 8104347.697294211=<  is false->	neg
in the event  <=9194167.71473805 is false->	neg
assuming 5277137.204097824>= ->	neg
in the event =< 3631355.4536646563 is true->	neg
in the event of  >= being false->	neg
in the event 6583847 ==  is false->	neg
assuming  > 7067665->	neg
if 8616361.46327818 => is true ->	neg
in the event == is true->	neg
in the event <= is true->	neg
if 3743260 >= is false->	neg
if <=138927.81644443297 is true ->	neg
if 5030169 =< 1896734.507569834 is true ->	neg
in the event of 9382215=> 6607754 being false->	neg
in the event 2292600.959505147> 5942475.839961413 is false->	neg
if >=9792435.808113853 is false->	neg
assuming =< 1432637->	neg
if  >  is true ->	neg
in the event =>1481765 is false->	neg
in the event of  <9053379.307006149 being true->	neg
in the event of <= 1119101 being false->	neg
in the event =< 7442486 is true->	neg
in the event 5122810.217730536 ==8161306.39431034->	neg
in the event  > ->	neg
in the event 3118077>2475993 is true->	neg
assuming <  is false->	neg
if > 2474207 is true ->	neg
if  <= is false->	neg
in the event 6194724.017375262>= 3196985.5329990825->	neg
in the event =<1400708.5026635523 is true->	neg
in the event of 4446988.458842924 ==5243022 being true->	neg
assuming =>  is true->	neg
in the event 1938830 == 6066578.476553515 is true->	neg
assuming 5462009>=->	neg
assuming <=1325198 is true->	neg
if =<  is false->	neg
in the event <= is true->	neg
in the event of =<6785370 being true->	neg
in the event 1551133=<  is false->	neg
in the event 4986210.378037322=<  is false->	neg
in the event 2233275 >=->	neg
in the event of  =<  being true->	neg
in the event >=5432977.565427526->	neg
in the event of  > 2996490 being true->	neg
in the event 34188.28295799536>->	neg
in the event 1798745> 1831097.0977071007 is false->	neg
assuming  => ->	neg
in the event 5475900<= 2250139.5385288405 is true->	neg
assuming >  is false->	neg
in the event >  is false->	neg
assuming 5455901 > 7439766.365858497->	neg
if  >= 8489608.901209487 is true ->	neg
assuming 1795946.7248106066>= 2319402 is true->	neg
if >= is false->	neg
in the event of  =< being false->	neg
assuming  >->	neg
assuming 6871253.179860074<->	neg
in the event 3669997.2286530538== 3497489 is true->	neg
if 2690832 > is true ->	neg
assuming  == is true->	neg
in the event 9703222 =<  is false->	neg
assuming 876000 =<7994521 is true->	neg
if <  is false->	neg
in the event of 4871207.168825654 =< 6850934 being false->	neg
in the event 2955185 == is false->	neg
if  <=  is true ->	neg
assuming <= is true->	neg
assuming >= is false->	neg
in the event 8665664 ==8431214 is true->	neg
assuming 1931574.0895835054 == 5536952.970443134 is false->	neg
in the event  =< ->	neg
in the event 8185502.64549234 == 5547791->	neg
if 2334962.028355658=< 3904251 is false->	neg
assuming  > is true->	neg
in the event 2545322.638433528> 7188030 is false->	neg
in the event 3180372 <=->	neg
in the event of <4218468 being true->	neg
in the event of 4804370.975173679 == 1975080.0699339355 being false->	neg
if >=8346487.465813662 is false->	neg
in the event 4111257< 3817336.800537692 is true->	neg
in the event 6060356 <7505287.00396497 is true->	neg
assuming  >= 4372186->	neg
in the event of 6493627==8367623.549603242 being true->	neg
in the event 4990312>  is true->	neg
in the event  =>5579569 is true->	neg
in the event =< is true->	neg
in the event of 6797521=<  being false->	neg
if  == is true ->	neg
in the event of 6508791=> being true->	neg
in the event of 1012309=>  being false->	neg
assuming 9186220==4001793 is false->	neg
assuming 2769805.7322013183 == 2495138.0373932254 is false->	neg
in the event  <= is true->	neg
assuming 4197897< ->	neg
assuming >= ->	neg
in the event 3850771.024962784<= 4080948 is false->	neg
in the event 8901040.812959852<  is false->	neg
in the event of >= being false->	neg
in the event < 7312391 is false->	neg
assuming  >= ->	neg
assuming  =>->	neg
in the event of 1974220<=3617104 being true->	neg
in the event =>1822216.155008841->	neg
in the event of  ==2141012 being true->	neg
if 5886801.587287682>4416155.290451215 is false->	neg
assuming >=  is false->	neg
in the event of =>  being true->	neg
in the event 3956851 == 5846044.310246082 is true->	neg
if ==6040699 is false->	neg
assuming 8912096< 93388 is true->	neg
assuming <=  is false->	neg
in the event of 646880 > being false->	neg
in the event >->	neg
if  > is false->	neg
assuming ==1633903 is false->	neg
if > 1822104.6001602104 is true ->	neg
in the event 651298<=  is true->	neg
in the event of 586022.7973812493 => being true->	neg
in the event 1658816 <176976 is false->	neg
assuming =<  is true->	neg
in the event <=  is true->	neg
in the event > 3169788 is false->	neg
in the event of  ==9745324.56870073 being true->	neg
in the event of 975849 >= 2776650 being false->	neg
if 476771<  is false->	neg
assuming 9229404 > ->	neg
if ==  is false->	neg
if 5962016.044233387== is true ->	neg
in the event of 4104934< 5223317 being true->	neg
if >865043.9621400463 is false->	neg
assuming 4260427 ==->	neg
in the event 2642693=< ->	neg
assuming 4085858.324480912>= 555639->	neg
assuming 1312520.2637996026 == 3304597 is true->	neg
if 8898378.763431862<  is true ->	neg
if 6834688 <= 5114192.18389879 is true ->	neg
assuming 8419589.003640242<=2909421 is false->	neg
in the event of 1459119.855714286 >= 2111419.883653978 being false->	neg
in the event of  >= 5035118.274959904 being true->	neg
if 3247980.693023784 < 9697439 is false->	neg
if 2585046 =<  is true ->	neg
assuming  =<9898118 is true->	neg
assuming 7674054<->	neg
in the event 6885188.857359457 =< 9585944->	neg
if =< is true ->	neg
in the event 5272071.353759752=< 7447619 is false->	neg
in the event 1145871.2259356484 < 3467603.2778668418->	neg
assuming  =>8083669.121925715->	neg
assuming 3047634 >= ->	neg
if 2259621.8108594357<  is false->	neg
if  >=  is true ->	neg
in the event of 8381149>=  being true->	neg
in the event of 7971722.289596298 =>  being true->	neg
in the event 2347929.4997798507 == 6903094 is false->	neg
in the event of  =< 9367347.933165908 being false->	neg
in the event 5864612=> is false->	neg
assuming >=8828319.785584278 is false->	neg
in the event 3606691.468747185=> 6268810.309213797 is true->	neg
in the event  == 7830198->	neg
if 2158258==  is false->	neg
in the event >= ->	neg
in the event >=->	neg
if  == 4633457 is true ->	neg
in the event  <=  is true->	neg
in the event 6414170 <= ->	neg
in the event 6271470 <298148 is false->	neg
in the event <  is false->	neg
assuming <8982730.959346645 is true->	neg
in the event 8907284<->	neg
if 8919978.685803201>= 4389863 is false->	neg
in the event of 8877093 <= 1003834 being false->	neg
in the event < 1919039.244131191 is true->	neg
in the event of 5078589.2764957175<=  being false->	neg
if 611126 >6132049 is false->	neg
in the event of <= being true->	neg
if 7344359.760904837 =<7174808.658446006 is false->	neg
in the event 5311990.27107437 < 8967380.763655508 is false->	neg
in the event 3340681 <= ->	neg
assuming 7499286 =>->	neg
in the event of  =>  being false->	neg
in the event 58944=>1428743 is true->	neg
in the event 2134186 <=5923615.732489191 is false->	neg
in the event 9124934 >=  is false->	neg
in the event 986554==->	neg
in the event of 5856599 > being false->	neg
if 5308782<6338519.761600855 is false->	neg
in the event of 4473077.544702089>= being false->	neg
in the event of 5095416.954693504 > being true->	neg
assuming <6567448->	neg
in the event  <= 9101625->	neg
if 6160454.698889554 => 8826549 is true ->	neg
assuming <= 2302549.2735689003->	neg
if 2411587.9048919277 =< is true ->	neg
assuming 2962870.8155503245 ==  is true->	neg
assuming  =>->	neg
assuming  >= 9602521.079184225->	neg
assuming 1321368<= ->	neg
in the event 1594944 <=  is true->	neg
in the event of  == being true->	neg
assuming 8851755==1709657.0561688608 is true->	neg
in the event  =< 1415542 is true->	neg
in the event 2190738.5414174153 == 4360093.030945532->	neg
assuming  => 8101376.490534398 is true->	neg
assuming  => is true->	neg
if 6653345 =< is false->	neg
in the event of  =<1010705.1320462401 being false->	neg
if =>  is true ->	neg
if 4670397 >= is false->	neg
if 1047463 >=2848409 is false->	neg
assuming 6557276 >=->	neg
in the event of =< 1309859 being false->	neg
in the event  >= 6925573.20686613->	neg
in the event  == 9254850.679773584 is false->	neg
in the event of 1909239.8443714099> being true->	neg
assuming  ==->	neg
in the event =>1657783 is false->	neg
in the event of  < 5370017.606169644 being true->	neg
in the event 8446361 >= 1694392.3799203797->	neg
in the event  >=7180426.408641499->	neg
in the event of 3880101.1153851207=<  being true->	neg
in the event of > being false->	neg
in the event 9695136.481915323> is false->	neg
in the event of 8659386 > 6668968 being false->	neg
in the event  >= 2051627.6452431604 is false->	neg
in the event  =>  is false->	neg
if  > is true ->	neg
if 6116173 ==  is true ->	neg
in the event 5730175.120328064 <= 5773934.650777299 is false->	neg
in the event 8114996.611740535> 8928006.294949178 is false->	neg
in the event  =<2650299->	neg
in the event  <5114387.9023605855->	neg
in the event > ->	neg
assuming 9482356 <6497994 is true->	neg
if 1316302< 3075392.9052951145 is false->	neg
assuming 7829596.428181363 >->	neg
in the event 5624469.365587631 =>5809769.8586785095 is false->	neg
in the event 50404 ==8555248->	neg
if  =<  is false->	neg
assuming <=4676033 is false->	neg
in the event 9952576 <5248275.928939158->	neg
in the event of 3192514 =>546686 being false->	neg
in the event =<->	neg
if 4597089<  is false->	neg
assuming == ->	neg
if <= 6264924.663042633 is true ->	neg
in the event 3443285.865064265 =>->	neg
in the event  < 8455053.758163512->	neg
if 2454723 => is false->	neg
in the event of 3122893 ==  being true->	neg
assuming 7709893 =< 1105026.8216837565 is true->	neg
assuming 1139802.4307975685> 3386941.8661154015 is true->	neg
in the event  =< 9972528 is true->	neg
in the event of <  being true->	neg
in the event of  =>  being true->	neg
in the event 6888507 >=  is true->	neg
assuming  > is true->	neg
in the event  <=->	neg
in the event 3578115=>->	neg
in the event of 1450109.2327960185<=  being true->	neg
in the event 5572558.440147572<= is true->	neg
if 4681231.006430291> is true ->	neg
in the event 4937378 <=  is false->	neg
in the event 4592297.670336971>= is false->	neg
in the event  >=  is true->	neg
assuming  => is true->	neg
if 5197474 => is false->	neg
in the event 6735009> is false->	neg
in the event  => is true->	neg
in the event 7538625.614446263>=7518429.627725867 is true->	neg
if 5117198.767375826 <  is true ->	neg
assuming 9518406< 4211702 is true->	neg
assuming 1382946<= is false->	neg
assuming 9588636.178876922>= ->	neg
in the event of >5794341.922073719 being true->	neg
in the event of 1164172=<  being false->	neg
if >=1447621 is false->	neg
in the event 7305605.426181303 =< ->	neg
if 8153443.206408697 =<874682.3371662871 is true ->	neg
in the event  <= ->	neg
in the event 6805219 < is true->	neg
assuming 7196918.699622575== is true->	neg
in the event 2781829=<5348979 is false->	neg
if 18346.40906566487 < is true ->	neg
if 5326661 > is true ->	neg
in the event of  ==  being false->	neg
in the event 2959599 >= ->	neg
if 8919958 =< is true ->	neg
assuming  <->	neg
assuming 9066696.817081451 =< 613439.7904299826 is true->	neg
assuming >=  is false->	neg
assuming >47874.98802015344->	neg
if >=  is false->	neg
if 5446789 >86315 is true ->	neg
assuming  =>  is true->	neg
in the event 9903789 <= is false->	neg
if <= 1001255.3893235998 is false->	neg
if 8991550<=7321065 is true ->	neg
in the event of 7800065.87165757 =< being false->	neg
in the event of  >  being true->	neg
assuming  < ->	neg
if 4531191.051985765 > is false->	neg
assuming  == is true->	neg
if  < 6272756 is false->	neg
in the event of 5096591==9134517 being true->	neg
in the event of 3360718 >=4314776.80424496 being false->	neg
in the event of <= being false->	neg
in the event of 9466162.586605286>= being true->	neg
if 2449576 >  is true ->	neg
in the event  <= is true->	neg
in the event 9895168== is false->	neg
in the event  => 2060352->	neg
in the event of 5550862>  being true->	neg
in the event  ==  is false->	neg
assuming  < ->	neg
assuming 6781847.171769304>6966799->	neg
in the event of 3550450=< 3719757 being true->	neg
if 2442534 => 9187697.34785867 is false->	neg
assuming 3004489=> 3791541 is true->	neg
in the event of 6564334.916365151 =<204552 being false->	neg
if >= is true ->	neg
assuming 9295262.205408895 >= ->	neg
assuming 5453452 =>3445772 is true->	neg
in the event  ==8383595.985325261 is true->	neg
assuming => is true->	neg
in the event  <=8475914->	neg
in the event of 2069034.3262998>=4401467 being true->	neg
in the event 1108660.2450100402<=  is false->	neg
assuming => 8082624->	neg
if 5192303 =<1792141 is false->	neg
if  >=6830932.4087439515 is false->	neg
in the event 3681489 => 6208545 is true->	neg
if >= is true ->	neg
in the event  <=->	neg
in the event 1897541.91019726=> 5328345 is false->	neg
in the event of  <= 1102826.267142527 being false->	neg
assuming =<6288218.22157593 is false->	neg
in the event of 382268 >= 8432411 being false->	neg
in the event of 7344613>  being true->	neg
in the event 112662.16660126616< is false->	neg
in the event 3570336.437986866<= 1122238.6940085262 is false->	neg
if 2266520.173687664>4823797 is false->	neg
if  => 940723 is true ->	neg
assuming 5852672>=  is true->	neg
assuming  >=6858796 is false->	neg
in the event 3711879.9040914807<= is false->	neg
in the event 3981719.8196491== 333536.54272062273 is true->	neg
if 1869829 >= is false->	neg
if ==2432303 is true ->	neg
in the event of 8328801.553880918 >=2869443.4402264943 being false->	neg
if 5583314.307879245 =< is true ->	neg
assuming =>7722643 is true->	neg
assuming 4339171== 6285789.656856627 is true->	neg
in the event 5128646=>5016245 is false->	neg
if  < is true ->	neg
assuming == is true->	neg
assuming 1626246>=6285436.548527 is false->	neg
in the event of 5511597=> 7060328.0704552075 being false->	neg
assuming 8046581.172146247 >= ->	neg
in the event 4658691.179155145==6450418.691387806 is false->	neg
in the event  >2342637.9768774197 is false->	neg
in the event of => 3584382 being true->	neg
assuming => ->	neg
assuming <= 7385350 is false->	neg
if =<  is false->	neg
in the event of 3962743.974242031 <1886285.7187836492 being false->	neg
in the event 268998.52727743867> 2233854 is true->	neg
assuming => 6213566.687003198->	neg
if 1551466.3112025762<= is false->	neg
in the event >=9151024->	neg
in the event of 2316764.322929783 =<3252244.3474919125 being false->	neg
assuming 3678421=<4844589.738979471 is true->	neg
assuming 6063412.3091673665 <8631121.213671966 is true->	neg
in the event of 2834515 >  being false->	neg
assuming =>4437854 is true->	neg
in the event 5501033 =< ->	neg
assuming =>7605006 is false->	neg
in the event == 8690920->	neg
assuming 4134148> is true->	neg
in the event of <= being true->	neg
assuming  <= 3406958 is false->	neg
in the event == ->	neg
in the event => 2470369 is true->	neg
in the event of 9801166.915446756=>  being false->	neg
in the event of =< 1421459.5713886956 being false->	neg
in the event of 6833432.529035531>=  being true->	neg
if > is false->	neg
assuming <9996958->	neg
in the event 705663.0440030032 > ->	neg
in the event 1114103>437519->	neg
assuming 5217878> 9354373 is true->	neg
if 4712319>= 7064167 is true ->	neg
in the event of  <5925322 being false->	neg
in the event == 3994111.5643947865 is true->	neg
in the event 235476>2261538 is true->	neg
in the event 6921950.084197089 > 6364745->	neg
in the event of =< 1926891 being true->	neg
in the event == is false->	neg
in the event =<880448 is true->	neg
in the event of  >7509626.649093469 being false->	neg
in the event 3877750<= ->	neg
if 8466736.169170545<= 5455382.084377373 is false->	neg
assuming =>  is false->	neg
in the event of 7808564>781551 being false->	neg
in the event of 2163318.2470335676 > 2597557.456184473 being false->	neg
if 2733234.4013388134 ==  is false->	neg
assuming  ==5145218.7720723925 is false->	neg
in the event 9865448== is false->	neg
if 740234> is false->	neg
in the event 6700099.307720269>3445883 is false->	neg
if  => is false->	neg
assuming 9061179.621017411 =>  is true->	neg
assuming 9898246 >=  is true->	neg
assuming 5231269 >= 153700.5191685148 is true->	neg
in the event  <= is false->	neg
in the event of <401568 being true->	neg
assuming 5875093.932416349< is false->	neg
in the event of > being true->	neg
in the event 7735463 =<->	neg
in the event of  =<  being false->	neg
if 6957431 ==94604.78560508801 is false->	neg
in the event of 4143907.7239870457 >= being false->	neg
assuming 5721358== ->	neg
assuming 6976528.293412745=< 7139848->	neg
in the event of  ==8077662.651338282 being false->	neg
in the event  < is false->	neg
assuming ==  is true->	neg
assuming 2203365.3158147517>  is false->	neg
if => 3675760.1941204234 is false->	neg
in the event of 5868346.26344097<8483432 being false->	neg
in the event of  =>  being false->	neg
if => 1796512 is false->	neg
in the event  ==7434805.14259504 is true->	neg
if 2554579 <  is true ->	neg
in the event of 4672515 > being false->	neg
assuming 8553829 > 1211966.3982732564 is true->	neg
if =<6831578 is true ->	neg
assuming 1296214.032351214>= is true->	neg
in the event of >=  being false->	neg
in the event <= ->	neg
in the event >=  is true->	neg
if  =>  is false->	neg
if 6753322 =<  is false->	neg
if  > is false->	neg
assuming 1843811.0879560697 =>4686607 is false->	neg
assuming 5033836 <=4420356.307409784->	neg
in the event  ==->	neg
in the event of 1487712 <=1974371 being true->	neg
if > is true ->	neg
in the event =< 3604952.353935749 is false->	neg
assuming >= 3602449.307858474 is true->	neg
in the event  >6308504 is false->	neg
assuming == is true->	neg
in the event >=6555746.801025242 is false->	neg
in the event 5915533 => is false->	neg
assuming < 9709225.500257602 is true->	neg
assuming <=9896154->	neg
while  >=  ->	neg
while  >=  ->	neg
while 9308472.847611627< 5365958 is false->	neg
while 370791.136581663 ==3162966 is false->	neg
while  <=  is true ->	neg
while 2781775 >3106257 is false->	neg
while <=  ->	neg
while 499088 <=  is true ->	neg
while 7050089<= is false->	neg
while 6423149> 7382282.82328533 is false->	neg
while == is false->	neg
while 9188677 =>5589404 is false->	neg
while  > is true ->	neg
while 2979610=>  is true ->	neg
while =<  ->	neg
while  ==6416780 is false->	neg
while 265778 >= is false->	neg
while  == 8904990 is false->	neg
while 3394915=< 9066380 is false->	neg
while  =>4960025 ->	neg
while <=  is false->	neg
while 3067944 >=  is true ->	neg
while <=9456877 is true ->	neg
while 7812389=> is false->	neg
while 522823<= 7180254 is false->	neg
while 5205634.48216335 =<  is false->	neg
while 8735515.995212594 => is false->	neg
while ==  is false->	neg
while 8766696<= is true ->	neg
while =< is true ->	neg
while == 3741120.023652391 is true ->	neg
while 9813948.917182857 <=  ->	neg
while 9264749 < 8618179 ->	neg
while 5827062 =< ->	neg
while => 5727978 is true ->	neg
while  <  is false->	neg
while 2696443.848284289 >= ->	neg
while >9613022 ->	neg
while =< is true ->	neg
while >=  is true ->	neg
while < 4427694 is true ->	neg
while 5938253.1008154405 =>3224828.95466208 is true ->	neg
while ==3130901 ->	neg
while 2449229.9048635704 == is true ->	neg
while 2981150 =< 5262349 is false->	neg
while < ->	neg
while == ->	neg
while 2161997<= 2473339 is false->	neg
while 9460148< 6009347 is true ->	neg
while  =>  is true ->	neg
while > is false->	neg
while 5403213.011502583<  is false->	neg
while  >4418885 ->	neg
while  ==9018712.998590462 ->	neg
while 3147715.4640526692<=7647469.523902222 ->	neg
while <= ->	neg
while  >=6109723 is false->	neg
while 5915867.061992963== 6118987 is false->	neg
while  >=  ->	neg
while 647497=> 6154535.013367625 ->	neg
while 1548383.5617426645 => 2933608 is true ->	neg
while 9340910.670862947> 9555056 is true ->	neg
while < is false->	neg
while <8770862 is true ->	neg
while 5154733.283794811==  is false->	neg
while 6565519 ==  is false->	neg
while <=  ->	neg
while  <= 6078864 is true ->	neg
while >= is true ->	neg
while  > 8779299 ->	neg
while 9710713.077322163=< 8895675 is false->	neg
while 8966750 =<  ->	neg
while 4411790.359569646>=6839128 ->	neg
while ==  is false->	neg
while 7787255.131613907<= ->	neg
while  <  is true ->	neg
while  <7336502 ->	neg
while 4221401.124928855 =< 7215893.348248482 is true ->	neg
while 801623 => 7027425.594042406 ->	neg
while  >8892805.86482616 is true ->	neg
while  <  is true ->	neg
while >= is true ->	neg
while  ==9573268 is true ->	neg
while  >  ->	neg
while 1140186.9407785726>= is true ->	neg
while 3315535 < 6491308.3162260875 is false->	neg
while 5876173=> 521826 ->	neg
while 3406872.3570110193>=  is false->	neg
while 8178493.269455916 >=  is true ->	neg
while ==4726390.643253928 is true ->	neg
while 8243510.665005465== 6162727.732584376 is true ->	neg
while ==8867863.20420603 is false->	neg
while 396462 >=6374613.55693549 is false->	neg
while 9756531>819525.990303076 is true ->	neg
while 4781815=> 2871577 is true ->	neg
while =<  ->	neg
while 2234353.3539396967<=8561084 ->	neg
while 4948656=<  is false->	neg
while =>  is true ->	neg
while  =< ->	neg
while  <3907693.627282963 ->	neg
while =< 748603.6035260679 is true ->	neg
while  >3270017 ->	neg
while == 384210.10474748665 ->	neg
while 6796071 < is true ->	neg
while 848955 >= is false->	neg
while 6587743.857773119==5867924.479058321 is true ->	neg
while  =<  is false->	neg
while  >5011587.790974171 is false->	neg
while == is false->	neg
while 7615202.057056114 =< is true ->	neg
while 9105196<= 4782273.020665488 is true ->	neg
while 497272.5343468831<=827494.0229875671 is true ->	neg
while 6493651< is true ->	neg
while 1995792>= is true ->	neg
while >= is false->	neg
while  <= is false->	neg
while 6213899.508166522 <= 9821694.83729466 is true ->	neg
while 6475561.74300175 <2593783 is false->	neg
while  >=  is true ->	neg
while  <6910921 ->	neg
while  =< 1213836 is false->	neg
while 9345562=<  is false->	neg
while  >=  ->	neg
while 3581881=>  is true ->	neg
while 8353437 == 3968997 is false->	neg
while 8913375< is false->	neg
while 250395.65192979563=< 3465197.4628558625 ->	neg
while == is false->	neg
while >=25544.08186219992 is false->	neg
while 1077279.8433126563 <= is false->	neg
while 5908287>= is true ->	neg
while  => 5952342 ->	neg
while 8122020>941792.7379530233 is false->	neg
while  >7480397.650749812 ->	neg
while <=  is true ->	neg
while =< 6840285.344517231 ->	neg
while  =< ->	neg
while <=  ->	neg
while => ->	neg
while >  is true ->	neg
while 8052557.695067472 > 9390413 is true ->	neg
while ==4795660.460259124 is true ->	neg
while  =>4402759 ->	neg
while 5462397 >=1623584 is false->	neg
while 9373516.30492383=< 3804956.442774333 is true ->	neg
while 5658677> 8232206 is true ->	neg
while 7323351<  is true ->	neg
while 7251479.6435808195=< 1003267 is false->	neg
while > 7978819 ->	neg
while 6110276.179003693==2056970 is false->	neg
while 9720802== is false->	neg
while 9263523.252081545 ==1073585.2954127202 ->	neg
while  =>  is true ->	neg
while 6979198 >=  ->	neg
while 4013566 => is true ->	neg
while  >= 9929682 ->	neg
while 4256802.185372352>=5007827.16110146 is true ->	neg
while ==7678736.405865402 is false->	neg
while  > 368343.9294123936 ->	neg
while 3708556 <= is false->	neg
while 6985724<=2027023 is true ->	neg
while 640746.0325244874=>  ->	neg
while ==  ->	neg
while 9930001.738182265>=2285241 ->	neg
while =<  is true ->	neg
while 3071264=>6543899 ->	neg
while 1111977.018727398 >  is false->	neg
while  <=  is true ->	neg
while =< is false->	neg
while ==  is true ->	neg
while 5592692==  is true ->	neg
while 5655499 >=  is true ->	neg
while 495331.38658421906>7062709.251107132 ->	neg
while 4994475=>8489754 ->	neg
while 7130399.753780636=<2583594 is false->	neg
while 7572759==809108.8530626611 is false->	neg
while 9988033.779838031>=7649585 is true ->	neg
while 1205697< is false->	neg
while <5271289.093047164 is true ->	neg
while  >522466.2082812104 is false->	neg
while >=9176008.172629762 is true ->	neg
while 3040188 <= 5499430.534686449 ->	neg
while 2922589 ==  is true ->	neg
while =< 7611866 is true ->	neg
while 4279308.573803432=<  ->	neg
while 3755475 ==2446491.1824693815 is true ->	neg
while =>  ->	neg
while  <=8235244.465030209 ->	neg
while 1499934.2921202453< 1164965 ->	neg
while 6245595.790258186==3667550 is true ->	neg
while 4334151 <= ->	neg
while 9805179.627677344 > is false->	neg
while  <  ->	neg
while >5963414 ->	neg
while >3662128.966608473 is true ->	neg
while 5085411 =< 7001507 ->	neg
while 9549854.816547003<=  is false->	neg
while 8764670<=2380761 is false->	neg
while 2139992.467159181 <= 8308972 is false->	neg
while 2747663.6802656064> 5265223 is true ->	neg
while 3089087.0679370873>3767253 is false->	neg
while 8937681<=  is false->	neg
while 3101360.037152877 ==  ->	neg
while =<5701515 is true ->	neg
while  >8731786.787334897 is false->	neg
while > ->	neg
while 7110430 =>  is false->	neg
while 285134.9810354897=>  is false->	neg
while 3269056.5250650463=<2874478 is false->	neg
while => 627741 is false->	neg
while  <= is true ->	neg
while  > is true ->	neg
while ==  is false->	neg
while 5537753=> is false->	neg
while  =<471634 ->	neg
while  => 5359682 is false->	neg
while 3700057 <=  is false->	neg
while  > 9850994 is true ->	neg
while 1440020<2990605 is true ->	neg
while 9054988.450126983 <2382810 ->	neg
while  >2955428 is true ->	neg
while > 5889735 ->	neg
while 5666299.86115126 >=  is false->	neg
while 7228114<= 7266125.13947476 ->	neg
while  <= ->	neg
while 3523098.793713463=<4705426.088666893 is false->	neg
while 6557740< ->	neg
while  == 742905 ->	neg
while 4398583=>  ->	neg
while  <=4768193 is false->	neg
while <  ->	neg
while 7489574 <= is true ->	neg
while == is true ->	neg
while 9297703== 5335204.534095857 ->	neg
while  > 1990151.6344256608 is false->	neg
while  =<  ->	neg
while 8090088 =>7094465 is false->	neg
while =>2770477 is true ->	neg
while <=  ->	neg
while < 7856470 is true ->	neg
while 8974656=< 3610424.980138488 is true ->	neg
while  <=7074659.354321323 is true ->	neg
while 2270168=>  is true ->	neg
while 9463160 => 6034910.980065831 is false->	neg
while  =>5168013 is false->	neg
while 508145.93010093056 ==  is true ->	neg
while =< 3093730 is false->	neg
while ==  ->	neg
while  =<7069338.375665312 is false->	neg
while  >5015584.753419506 ->	neg
while 1904074 < is true ->	neg
while  <=9244056 ->	neg
while 4498330.864066735=<1702044 ->	neg
while 5648244.929643242=<  ->	neg
while 3944373== ->	neg
while 758195.924866949 =< is false->	neg
while 7311073< is false->	neg
while 6771335.120667192=< 1063098 is true ->	neg
while => 6207488.537491858 is true ->	neg
while  =<2747554.2878831173 ->	neg
while 7720958.145255129<6998948 is false->	neg
while <=1142213 ->	neg
while  >=9266657.655442867 is true ->	neg
while == is true ->	neg
while < 8246741.37286838 is false->	neg
while 101505.25508214491 == is true ->	neg
while 9108269.09041724 =>3566342 is false->	neg
while  <=6459660.7998416545 ->	neg
while <1237710.7345939197 is true ->	neg
while  <  is false->	neg
while 3366613> is true ->	neg
while => 1573511 ->	neg
while 9130259=< 36040 ->	neg
while  >= ->	neg
while 2514287.7579294033 == 4461351.521945809 is true ->	neg
while 5445480 <= 2858849 ->	neg
while == 4506437 ->	neg
while  <= 2286050.9932025685 ->	neg
while 7565269 < 6482283 is false->	neg
while 8554748.901073564=<  is true ->	neg
while 6380822.527993971=> 2681413.7506441395 ->	neg
while >=  is false->	neg
while 6667562.279687867 >  is true ->	neg
while 5037315 <= 6411443.081186245 is false->	neg
while 2535976.938828567 =<4329561 is false->	neg
while 9985916.726656733== is false->	neg
while 6875342.985340996<= 2255557.903354292 is false->	neg
while  <= is false->	neg
while =<  ->	neg
while  >=  is false->	neg
while 1161997 > 3581513 ->	neg
while 1506280.381208014=> is true ->	neg
while >= 2426405.702965172 is false->	neg
while 3582444.566308067 >= ->	neg
while  == is true ->	neg
while == 5413062 ->	neg
while  <  ->	neg
while  =>  is false->	neg
while 9183781.29571588=>8912 ->	neg
while  =>  ->	neg
while  < is true ->	neg
while 4626574.143794504> 2028269 is true ->	neg
while  =< is true ->	neg
while 653825 =>8203716 is true ->	neg
while 2474484<= is false->	neg
while  =>  is true ->	neg
while  >  is false->	neg
while  >= is true ->	neg
while =>  is true ->	neg
while <= 6027642.658754388 is true ->	neg
while 7828307=>  ->	neg
while 7895016.366974715<  is true ->	neg
while 6892379 >2073731.8746801647 ->	neg
while 7860690==  is true ->	neg
while =<  ->	neg
while 3744005.30329531=<  ->	neg
while 9937370 <= 6246091 is true ->	neg
while <  ->	neg
while 155690=> ->	neg
while  => 1608612 is false->	neg
while  <= 7552448 is true ->	neg
while 2510069.6092077624 =>3306262.3962082616 ->	neg
while == is true ->	neg
while 1049536.4019616905 >=  is true ->	neg
while 6584251 < 9311897 is true ->	neg
while 8142590=< 7711560 ->	neg
while  <  ->	neg
while 3419195.9225705937 => is false->	neg
while 5742220.2962047765<=2909128 is false->	neg
while 9396564 =>  ->	neg
while 15899.726353585385== 4681548 is true ->	neg
while  =>  ->	neg
while  =< ->	neg
while  =>  is true ->	neg
while 7385457 >= ->	neg
while  < 8367252.343154776 is true ->	neg
while 2893580=> is true ->	neg
while =>8621395 is false->	neg
while  <= is false->	neg
while  >= ->	neg
while 8505572.754150072 <=7837756.828929047 is true ->	neg
while  > is false->	neg
while <= ->	neg
while 5319691.163418933 => 8015306.47557828 ->	neg
while < 9874039 ->	neg
while > is true ->	neg
while  >9640424 ->	neg
while 9215384==  ->	neg
while <  is false->	neg
while 4085154=>2603016 ->	neg
while <=6452226.419839253 is true ->	neg
while  =<9905934 ->	neg
while 5333571>= 7602465.662984393 is true ->	neg
while  >= is false->	neg
while =< 5149937 is false->	neg
while 8094579 <1638615.9048015215 is true ->	neg
while  =<1194326 ->	neg
while 8005830 => 2610343.756691964 is false->	neg
while 9611676.632946651=< 9836955 is false->	neg
while 1627768.1350280216 ==6152684.348290679 ->	neg
while =>  is false->	neg
while  <=4747078 is false->	neg
while 6837240 >= ->	neg
while 1488172.1784356483 ==  is false->	neg
while 938752.7000779394 >= 2711998.226953587 is true ->	neg
while  <=8958764.15788038 is true ->	neg
while 1697909== 3231503 is false->	neg
while  =<  is true ->	neg
while 1194414.0781726264=> is true ->	neg
while <9347689 is false->	neg
while >= ->	neg
while  ==  is false->	neg
while <781267.3214165656 is true ->	neg
while 7915007<=5066129.556733618 ->	neg
while 7339099.641712166=< is true ->	neg
while  <  is false->	neg
while == 2781447.850862516 is false->	neg
while 727622 =>  is true ->	neg
while  => ->	neg
while <=3578040 ->	neg
while 9989575.874184497 < is false->	neg
while  >6341867 is false->	neg
while 8606003 >= 6581750 ->	neg
while 5318375 =<  ->	neg
while <= 476506.988074169 is false->	neg
while 6834511.150354422== ->	neg
while <=9866434.127737438 ->	neg
while => 1522846.9869808236 is false->	neg
while 4836119=>6230294.497336452 ->	neg
while 5238561<  is false->	neg
while 6307626.520419655=>6168864.327427372 ->	neg
while 3640759.355562958>  is false->	neg
while  =< 4140967 is true ->	neg
while 5218913<9783029 ->	neg
while >= is true ->	neg
while 2691661.9620065973=> 1000131 ->	neg
while 3777236.248218101 <  is true ->	neg
while > is true ->	neg
while  >6191711.938722827 is false->	neg
while 3008183.169175761 =>896623.1197000396 ->	neg
while 3367784 <  is false->	neg
while  =>7163096 is true ->	neg
while  < ->	neg
while 956568.8662787442=>6536961.228987385 is true ->	neg
while  >5128981 ->	neg
while 6001566.797274722== 2995501.286730209 is false->	neg
while > 6303068.0389787415 is false->	neg
while =>863217 ->	neg
while 5990805=>3587356 is false->	neg
while 4270651<=6629731 is true ->	neg
while 6339985 >=  is true ->	neg
while 734629.7685921554 <=4579457.414392674 is true ->	neg
while 7675727 => is true ->	neg
while  <  is true ->	neg
while =>3826505.601270116 ->	neg
while > 8709893 is false->	neg
while < ->	neg
while 9727926 >= ->	neg
while 7309589.008672403 =<6033516 ->	neg
while  < is true ->	neg
while 125787.69304494419>6459851 ->	neg
while =< 2753860 is false->	neg
while  <7871770 ->	neg
while 1860673.03573053 <=8410673 is true ->	neg
while  == is true ->	neg
while 7578273== is true ->	neg
while  >= 4141266.7686229674 is false->	neg
while 4784022.794887288 =<4904370.757707026 ->	neg
while > 7918872 is true ->	neg
while => 5503557 is false->	neg
while 4311623.903236626>= is false->	neg
while >= is true ->	neg
while 3676228 >= is false->	neg
while  >= 957517 ->	neg
while 7991961.75706126 =>  ->	neg
while  <= 5058218.966990293 ->	neg
while 2070525.030793472 == 1713035 is true ->	neg
while > ->	neg
while  <3513105.9332302352 is false->	neg
while 9799900.179434206 <  ->	neg
while  < 1043832.5024557671 is false->	neg
while >  is true ->	neg
while 3386817 == ->	neg
while 6896222>= 2941465.4321835143 ->	neg
while  >  ->	neg
while  >= is true ->	neg
while 6810376> 1473605.9058106376 is true ->	neg
while 2324673 >=  is true ->	neg
while >=  ->	neg
while > 8626311 is false->	neg
while 3605906 >= 7582906.134483661 is false->	neg
while =< ->	neg
while > is false->	neg
while 502872 ==8850156 is true ->	neg
while 6348061 <= is true ->	neg
while >  is false->	neg
while  >=  is false->	neg
while  =>6841000 is false->	neg
while 3025741=> 2011690.496535339 is false->	neg
while 5277765<= 1024226.8308309943 is false->	neg
while => 684410 is false->	neg
while =<3474629.4965205425 is false->	neg
while 2862832.655100416 >= is false->	neg
while 4624150.117571465<=6863000.2832881 is false->	neg
while 4367655.822684039 < ->	neg
while 6572297.531988011> 3646609.5356127536 ->	neg
while 8773982.960572336 >= is true ->	neg
while  =< 6365662.600868869 is false->	neg
while 123977.62701808813 =>  is true ->	neg
while 1552685.6257327704 =>  ->	neg
while <=8585985.28661793 is true ->	neg
while 5352311.007454761 <  ->	neg
while 8601874.619983902 >= is false->	neg
while  =>4641791.543436321 is false->	neg
while  =< is false->	neg
while ==4978162 is false->	neg
while 3019204 < ->	neg
while  =< is false->	neg
while  < 9838118 is true ->	neg
while  >9533886 is true ->	neg
while 4419321=< 3393451.353022808 is false->	neg
while =< 7444847.947754869 is true ->	neg
while  => ->	neg
while =>9034385 is true ->	neg
while 486818.6016506093<= 1924352.9781534441 is false->	neg
while  > 6099425.7482101135 is false->	neg
while <=1651774 is true ->	neg
while 6388938.469256321<=976938.6253841983 is true ->	neg
while 447853.5642819992 <4116900 is true ->	neg
while  <1955685 is false->	neg
while 1818226 >=4053216 ->	neg
while 5928816.051342439 =>6225469.846082705 is false->	neg
while =<1978168.3419827078 is true ->	neg
while 307655.31257226475< is true ->	neg
while 3899491.2842096905 >= 8456195.792998916 is false->	neg
while 7136008.74530104 > 1715900.482612801 ->	neg
while  >3680772.4271632093 is false->	neg
while < is false->	neg
while =>6887638.410308323 is true ->	neg
